Scrape_Timestamp,Days_to_Departure,Departure_Date,Day_of_Week,Departure_Time,Arrival_Time,Source_City,Destination_City,Airline,Flight_Number,Total_Duration_Mins,Number_of_Stops,CO2_Emissions_Grams,Price_Level,Flight_Category,Price_INR
2026-06-12 14:41:18,1,2026-06-13,Saturday,7:00 AM,9:10 AM,BOM,DEL,IndiGo,,130,0,89000,High,Best,15102
2026-06-12 14:41:18,1,2026-06-13,Saturday,6:35 PM,11:00 PM,BOM,DEL,IndiGo,AG 131,265,1,131000,High,Cheapest,14193
2026-06-12 14:42:15,1,2026-06-13,Saturday,8:35 AM,2:45 PM,CCU,BOM,IndiGo,AA 177,370,1,177000,High,Best,22777
2026-06-12 14:42:15,1,2026-06-13,Saturday,8:35 AM,2:45 PM,CCU,BOM,IndiGo,AA 177,370,1,177000,High,Cheapest,22777
2026-06-12 14:43:17,1,2026-06-13,Saturday,10:25 AM,7:15 PM,JAI,BOM,IndiGo,DR 107,530,1,107000,High,Best,9507
2026-06-12 14:43:17,1,2026-06-13,Saturday,10:25 AM,7:15 PM,JAI,BOM,IndiGo,DR 107,530,1,107000,High,Cheapest,9507
2026-06-13 03:36:21,1,2026-06-14,Sunday,7:00 AM,9:10 AM,BOM,DEL,IndiGo,,130,0,89000,Typical,Best,7924
2026-06-13 03:36:21,1,2026-06-14,Sunday,8:05 AM,12:55 PM,BOM,DEL,IndiGo,AG 126,290,1,126000,Typical,Cheapest,7424
2026-06-13 12:17:04,1,2026-06-14,Sunday,11:00 PM,1:55 AM,CCU,BOM,Akasa Air,,175,0,110000,High,Best,12632
2026-06-13 12:17:04,1,2026-06-14,Sunday,6:00 AM,12:20 PM,CCU,BOM,IndiGo,MD 161,380,1,161000,High,Cheapest,12383
2026-06-13 12:17:19,3,2026-06-16,Tuesday,6:55 PM,11:45 PM,CCU,BOM,IndiGo,DR 146,290,1,146000,High,Best,10142
2026-06-13 12:17:19,3,2026-06-16,Tuesday,6:55 PM,11:45 PM,CCU,BOM,IndiGo,DR 146,290,1,146000,High,Cheapest,10142
2026-06-13 12:17:32,7,2026-06-20,Saturday,2:00 AM,4:45 AM,CCU,BOM,IndiGo,,165,0,116000,High,Best,7779
2026-06-13 12:17:32,7,2026-06-20,Saturday,2:00 AM,4:45 AM,CCU,BOM,IndiGo,,165,0,116000,High,Cheapest,7779
2026-06-13 12:17:47,14,2026-06-27,Saturday,3:25 AM,6:05 AM,CCU,BOM,Akasa Air,,160,0,117000,Typical,Best,7538
2026-06-13 12:17:47,14,2026-06-27,Saturday,3:25 AM,6:05 AM,CCU,BOM,Akasa Air,,160,0,117000,Typical,Cheapest,7538
2026-06-13 12:17:58,30,2026-07-13,Monday,7:50 AM,1:15 PM,CCU,BOM,IndiGo,BI 141,325,1,141000,High,Best,7698
2026-06-13 12:17:58,30,2026-07-13,Monday,7:50 AM,1:15 PM,CCU,BOM,IndiGo,BI 141,325,1,141000,High,Cheapest,7698
2026-06-13 12:18:11,60,2026-08-12,Wednesday,11:00 PM,1:55 AM,CCU,BOM,Akasa Air,,175,0,121000,High,Best,6433
2026-06-13 12:18:11,60,2026-08-12,Wednesday,11:00 PM,1:55 AM,CCU,BOM,Akasa Air,,175,0,121000,High,Cheapest,6433
2026-06-13 12:18:27,1,2026-06-14,Sunday,6:00 AM,11:35 AM,CCU,DEL,IndiGo,MD 173,335,1,173000,High,Best,7596
2026-06-13 12:18:27,1,2026-06-14,Sunday,6:00 AM,11:35 AM,CCU,DEL,IndiGo,MD 173,335,1,173000,High,Cheapest,7596
2026-06-13 12:18:42,3,2026-06-16,Tuesday,3:00 AM,5:25 AM,CCU,DEL,IndiGo,,145,0,96000,High,Best,7329
2026-06-13 12:18:42,3,2026-06-16,Tuesday,7:10 AM,1:45 PM,CCU,DEL,IndiGo,NS 118,395,1,118000,High,Cheapest,7098
2026-06-13 12:18:57,7,2026-06-20,Saturday,3:00 AM,5:25 AM,CCU,DEL,IndiGo,,145,0,96000,High,Best,7033
2026-06-13 12:18:57,7,2026-06-20,Saturday,3:00 AM,5:25 AM,CCU,DEL,IndiGo,,145,0,96000,High,Cheapest,7033
2026-06-13 12:19:14,14,2026-06-27,Saturday,5:20 AM,7:45 AM,CCU,DEL,IndiGo,,145,0,96000,High,Best,6815
2026-06-13 12:19:14,14,2026-06-27,Saturday,5:20 AM,7:45 AM,CCU,DEL,IndiGo,,145,0,96000,High,Cheapest,6815
2026-06-13 12:19:31,30,2026-07-13,Monday,10:45 AM,3:15 PM,CCU,DEL,IndiGo,AT 137,270,1,137000,High,Best,6464
2026-06-13 12:19:31,30,2026-07-13,Monday,10:45 AM,3:15 PM,CCU,DEL,IndiGo,AT 137,270,1,137000,High,Cheapest,6464
2026-06-13 12:19:48,60,2026-08-12,Wednesday,7:55 PM,10:25 PM,CCU,DEL,Akasa Air,,150,0,102000,High,Best,6433
2026-06-13 12:19:48,60,2026-08-12,Wednesday,10:45 AM,3:15 PM,CCU,DEL,IndiGo,AT 139,270,1,139000,High,Cheapest,6212
2026-06-13 12:20:02,1,2026-06-14,Sunday,5:05 AM,10:05 AM,CCU,BLR,IndiGo,AA 133,300,1,133000,High,Best,12574
2026-06-13 12:20:02,1,2026-06-14,Sunday,5:05 AM,10:05 AM,CCU,BLR,IndiGo,AA 133,300,1,133000,High,Cheapest,12574
2026-06-13 12:20:17,3,2026-06-16,Tuesday,8:20 AM,11:00 AM,CCU,BLR,IndiGo,,160,0,108000,High,Best,12111
2026-06-13 12:20:17,3,2026-06-16,Tuesday,8:20 AM,11:00 AM,CCU,BLR,IndiGo,,160,0,108000,High,Cheapest,12111
2026-06-13 12:20:31,7,2026-06-20,Saturday,8:00 PM,1:30 AM,CCU,BLR,IndiGo,NQ 170,330,1,170000,High,Best,8217
2026-06-13 12:20:31,7,2026-06-20,Saturday,8:00 PM,1:30 AM,CCU,BLR,IndiGo,NQ 170,330,1,170000,High,Cheapest,8217
2026-06-13 12:20:45,14,2026-06-27,Saturday,6:30 AM,9:10 AM,CCU,BLR,IndiGo,,160,0,108000,High,Best,7959
2026-06-13 12:20:45,14,2026-06-27,Saturday,3:00 PM,9:20 PM,CCU,BLR,IndiGo,YD 140,380,1,140000,High,Cheapest,7702
2026-06-13 12:20:57,30,2026-07-13,Monday,8:20 AM,11:00 AM,CCU,BLR,IndiGo,,160,0,110000,High,Best,7208
2026-06-13 12:20:57,30,2026-07-13,Monday,8:20 AM,11:00 AM,CCU,BLR,IndiGo,,160,0,110000,High,Cheapest,7208
2026-06-13 12:21:08,60,2026-08-12,Wednesday,8:20 AM,11:00 AM,CCU,BLR,IndiGo,,160,0,111000,High,Best,6804
2026-06-13 12:21:08,60,2026-08-12,Wednesday,8:20 AM,11:00 AM,CCU,BLR,IndiGo,,160,0,111000,High,Cheapest,6804
2026-06-13 12:21:20,1,2026-06-14,Sunday,5:20 AM,7:30 AM,CCU,HYD,IndiGo,,130,0,89000,High,Best,15212
2026-06-13 12:21:20,1,2026-06-14,Sunday,3:15 PM,8:05 PM,CCU,HYD,IndiGo,AT 153,290,1,153000,High,Cheapest,13783
2026-06-13 12:21:38,3,2026-06-16,Tuesday,6:50 AM,1:30 PM,CCU,HYD,IndiGo,XR 114,400,1,114000,High,Best,9606
2026-06-13 12:21:38,3,2026-06-16,Tuesday,6:50 AM,1:30 PM,CCU,HYD,IndiGo,XR 114,400,1,114000,High,Cheapest,9606
2026-06-13 12:21:50,7,2026-06-20,Saturday,5:20 AM,7:30 AM,CCU,HYD,IndiGo,,130,0,89000,High,Best,8387
2026-06-13 12:21:50,7,2026-06-20,Saturday,5:20 AM,7:30 AM,CCU,HYD,IndiGo,,130,0,89000,High,Cheapest,8387
2026-06-13 12:22:00,14,2026-06-27,Saturday,5:20 AM,7:30 AM,CCU,HYD,IndiGo,,130,0,89000,High,Best,8089
2026-06-13 12:22:00,14,2026-06-27,Saturday,5:20 AM,7:30 AM,CCU,HYD,IndiGo,,130,0,89000,High,Cheapest,8089
2026-06-13 12:22:15,30,2026-07-13,Monday,5:20 AM,7:30 AM,CCU,HYD,IndiGo,,130,0,91000,Typical,Best,7049
2026-06-13 12:22:15,30,2026-07-13,Monday,5:20 AM,7:30 AM,CCU,HYD,IndiGo,,130,0,91000,Typical,Cheapest,7049
2026-06-13 12:22:30,60,2026-08-12,Wednesday,5:20 AM,7:30 AM,CCU,HYD,IndiGo,,130,0,92000,Typical,Best,6356
2026-06-13 12:22:30,60,2026-08-12,Wednesday,5:20 AM,7:30 AM,CCU,HYD,IndiGo,,130,0,92000,Typical,Cheapest,6356
2026-06-13 12:22:46,1,2026-06-14,Sunday,6:30 AM,11:45 AM,CCU,MAA,IndiGo,LR 143,315,1,143000,High,Best,11835
2026-06-13 12:22:46,1,2026-06-14,Sunday,3:20 PM,9:30 PM,CCU,MAA,IndiGo,BI 119,370,1,119000,High,Cheapest,11719
2026-06-13 12:22:56,3,2026-06-16,Tuesday,4:35 PM,9:50 PM,CCU,MAA,IndiGo,XR 130,315,1,130000,,Best,10145
2026-06-13 12:22:56,3,2026-06-16,Tuesday,4:35 PM,9:50 PM,CCU,MAA,IndiGo,XR 130,315,1,130000,,Cheapest,10145
2026-06-13 12:23:09,7,2026-06-20,Saturday,6:30 AM,9:05 AM,CCU,MAA,Air India ExpressAir India,,155,0,133000,,Best,7618
2026-06-13 12:23:09,7,2026-06-20,Saturday,6:30 AM,9:05 AM,CCU,MAA,Air India ExpressAir India,,155,0,133000,,Cheapest,7618
2026-06-13 12:23:22,14,2026-06-27,Saturday,8:35 AM,10:55 AM,CCU,MAA,IndiGo,,140,0,97000,,Best,6612
2026-06-13 12:23:22,14,2026-06-27,Saturday,8:35 AM,10:55 AM,CCU,MAA,IndiGo,,140,0,97000,,Cheapest,6612
2026-06-13 12:23:35,30,2026-07-13,Monday,5:05 AM,7:20 AM,CCU,MAA,IndiGo,,135,0,99000,Typical,Best,6265
2026-06-13 12:23:35,30,2026-07-13,Monday,5:05 AM,7:20 AM,CCU,MAA,IndiGo,,135,0,99000,Typical,Cheapest,6265
2026-06-13 12:23:47,60,2026-08-12,Wednesday,5:05 AM,7:20 AM,CCU,MAA,IndiGo,,135,0,100000,Typical,Best,6265
2026-06-13 12:23:47,60,2026-08-12,Wednesday,5:05 AM,7:20 AM,CCU,MAA,IndiGo,,135,0,100000,Typical,Cheapest,6265
2026-06-13 12:23:59,1,2026-06-14,Sunday,7:20 PM,2:20 AM,CCU,PNQ,IndiGo,YD 142,420,1,142000,High,Best,11423
2026-06-13 12:23:59,1,2026-06-14,Sunday,7:20 PM,2:20 AM,CCU,PNQ,IndiGo,YD 142,420,1,142000,High,Cheapest,11423
2026-06-13 12:24:15,3,2026-06-16,Tuesday,8:40 PM,4:55 AM,CCU,PNQ,IndiGo,AG 136,495,1,136000,High,Best,9081
2026-06-13 12:24:15,3,2026-06-16,Tuesday,8:40 PM,4:55 AM,CCU,PNQ,IndiGo,AG 136,495,1,136000,High,Cheapest,9081
2026-06-13 12:24:26,7,2026-06-20,Saturday,2:20 AM,4:40 AM,CCU,PNQ,IndiGo,,140,0,115000,Typical,Best,8430
2026-06-13 12:24:26,7,2026-06-20,Saturday,2:20 AM,4:40 AM,CCU,PNQ,IndiGo,,140,0,115000,Typical,Cheapest,8430
2026-06-13 12:24:41,14,2026-06-27,Saturday,2:20 AM,4:40 AM,CCU,PNQ,IndiGo,,140,0,115000,Typical,Best,7319
2026-06-13 12:24:41,14,2026-06-27,Saturday,2:20 AM,4:40 AM,CCU,PNQ,IndiGo,,140,0,115000,Typical,Cheapest,7319
2026-06-13 12:24:52,30,2026-07-13,Monday,2:20 AM,4:40 AM,CCU,PNQ,IndiGo,,140,0,116000,Typical,Best,6283
2026-06-13 12:24:52,30,2026-07-13,Monday,2:20 AM,4:40 AM,CCU,PNQ,IndiGo,,140,0,116000,Typical,Cheapest,6283
2026-06-13 12:25:10,60,2026-08-12,Wednesday,2:20 AM,4:40 AM,CCU,PNQ,IndiGo,,140,0,118000,Typical,Best,6283
2026-06-13 12:25:10,60,2026-08-12,Wednesday,2:20 AM,4:40 AM,CCU,PNQ,IndiGo,,140,0,118000,Typical,Cheapest,6283
2026-06-13 12:25:24,1,2026-06-14,Sunday,1:30 PM,4:25 PM,CCU,AMD,IndiGo,,175,0,116000,High,Best,12953
2026-06-13 12:25:24,1,2026-06-14,Sunday,1:30 PM,4:25 PM,CCU,AMD,IndiGo,,175,0,116000,High,Cheapest,12953
2026-06-13 12:25:40,3,2026-06-16,Tuesday,4:05 PM,6:40 PM,CCU,AMD,IndiGo,,155,0,110000,High,Best,11919
2026-06-13 12:25:40,3,2026-06-16,Tuesday,4:05 PM,6:40 PM,CCU,AMD,IndiGo,,155,0,110000,High,Cheapest,11919
2026-06-13 12:25:52,7,2026-06-20,Saturday,1:30 PM,4:05 PM,CCU,AMD,IndiGo,,155,0,116000,High,Best,8626
2026-06-13 12:25:52,7,2026-06-20,Saturday,1:30 PM,4:05 PM,CCU,AMD,IndiGo,,155,0,116000,High,Cheapest,8626
2026-06-13 12:26:07,14,2026-06-27,Saturday,1:30 PM,4:05 PM,CCU,AMD,IndiGo,,155,0,116000,Typical,Best,6683
2026-06-13 12:26:07,14,2026-06-27,Saturday,1:30 PM,4:05 PM,CCU,AMD,IndiGo,,155,0,116000,Typical,Cheapest,6683
2026-06-13 12:26:23,30,2026-07-13,Monday,2:20 PM,4:55 PM,CCU,AMD,IndiGo,,155,0,118000,Typical,Best,6915
2026-06-13 12:26:23,30,2026-07-13,Monday,2:20 PM,4:55 PM,CCU,AMD,IndiGo,,155,0,118000,Typical,Cheapest,6915
2026-06-13 12:26:33,60,2026-08-12,Wednesday,1:30 PM,4:05 PM,CCU,AMD,IndiGo,,155,0,119000,Typical,Best,7032
2026-06-13 12:26:33,60,2026-08-12,Wednesday,1:30 PM,4:05 PM,CCU,AMD,IndiGo,,155,0,119000,Typical,Cheapest,7032
2026-06-13 12:26:48,1,2026-06-14,Sunday,11:15 AM,3:40 PM,CCU,STV,IndiGo,AI 155,265,1,155000,High,Best,15054
2026-06-13 12:26:48,1,2026-06-14,Sunday,11:15 AM,3:40 PM,CCU,STV,IndiGo,AI 155,265,1,155000,High,Cheapest,15054
2026-06-13 12:27:04,3,2026-06-16,Tuesday,7:05 AM,3:40 PM,CCU,STV,IndiGo,AI 161,515,1,161000,High,Best,13120
2026-06-13 12:27:04,3,2026-06-16,Tuesday,7:05 AM,3:40 PM,CCU,STV,IndiGo,AI 161,515,1,161000,High,Cheapest,13120
2026-06-13 12:27:19,7,2026-06-20,Saturday,11:15 AM,3:40 PM,CCU,STV,IndiGo,AI 155,265,1,155000,Typical,Best,10432
2026-06-13 12:27:19,7,2026-06-20,Saturday,11:15 AM,3:40 PM,CCU,STV,IndiGo,AI 155,265,1,155000,Typical,Cheapest,10432
2026-06-13 12:27:36,14,2026-06-27,Saturday,2:10 PM,4:50 PM,CCU,STV,IndiGo,,160,0,118000,High,Best,10830
2026-06-13 12:27:36,14,2026-06-27,Saturday,2:10 PM,4:50 PM,CCU,STV,IndiGo,,160,0,118000,High,Cheapest,10830
2026-06-13 12:27:53,30,2026-07-13,Monday,2:10 PM,4:50 PM,CCU,STV,IndiGo,,160,0,119000,Typical,Best,9360
2026-06-13 12:27:53,30,2026-07-13,Monday,2:10 PM,4:50 PM,CCU,STV,IndiGo,,160,0,119000,Typical,Cheapest,9360
2026-06-13 12:28:03,60,2026-08-12,Wednesday,11:15 AM,3:40 PM,CCU,STV,IndiGo,AI 160,265,1,160000,High,Best,8875
2026-06-13 12:28:03,60,2026-08-12,Wednesday,11:15 AM,3:40 PM,CCU,STV,IndiGo,AI 160,265,1,160000,High,Cheapest,8875
2026-06-13 12:28:16,1,2026-06-14,Sunday,7:00 AM,3:55 PM,CCU,VTZ,"Air India, Air India Express",YD 284,535,2,284000,,Best,
2026-06-13 12:28:16,1,2026-06-14,Sunday,7:00 AM,3:55 PM,CCU,VTZ,"Air India, Air India Express",YD 284,535,2,284000,,Cheapest,
2026-06-13 12:28:33,3,2026-06-16,Tuesday,7:00 AM,3:55 PM,CCU,VTZ,"Air India, Air India Express",YD 284,535,2,284000,,Best,
2026-06-13 12:28:33,3,2026-06-16,Tuesday,7:00 AM,3:55 PM,CCU,VTZ,"Air India, Air India Express",YD 284,535,2,284000,,Cheapest,
2026-06-13 12:28:50,7,2026-06-20,Saturday,5:20 AM,3:45 PM,CCU,VTZ,IndiGo,YD 138,625,1,138000,Typical,Best,7405
2026-06-13 12:28:50,7,2026-06-20,Saturday,5:20 AM,3:45 PM,CCU,VTZ,IndiGo,YD 138,625,1,138000,Typical,Cheapest,7405
2026-06-13 12:29:07,14,2026-06-27,Saturday,10:55 AM,3:45 PM,CCU,VTZ,IndiGo,YD 138,290,1,138000,Typical,Best,7195
2026-06-13 12:29:07,14,2026-06-27,Saturday,10:55 AM,3:45 PM,CCU,VTZ,IndiGo,YD 138,290,1,138000,Typical,Cheapest,7195
2026-06-13 12:29:24,30,2026-07-13,Monday,10:55 AM,3:45 PM,CCU,VTZ,IndiGo,YD 140,290,1,140000,High,Best,6386
2026-06-13 12:29:24,30,2026-07-13,Monday,10:55 AM,3:45 PM,CCU,VTZ,IndiGo,YD 140,290,1,140000,High,Cheapest,6386
2026-06-13 12:29:37,60,2026-08-12,Wednesday,10:55 AM,3:45 PM,CCU,VTZ,IndiGo,YD 142,290,1,142000,High,Best,6903
2026-06-13 12:29:37,60,2026-08-12,Wednesday,10:55 AM,3:45 PM,CCU,VTZ,IndiGo,YD 142,290,1,142000,High,Cheapest,6903
2026-06-13 12:29:52,1,2026-06-14,Sunday,7:05 AM,9:20 AM,CCU,JAI,IndiGo,,135,0,101000,High,Best,9752
2026-06-13 12:29:52,1,2026-06-14,Sunday,7:05 AM,9:20 AM,CCU,JAI,IndiGo,,135,0,101000,High,Cheapest,9752
2026-06-13 12:30:05,3,2026-06-16,Tuesday,7:05 AM,9:20 AM,CCU,JAI,IndiGo,,135,0,101000,High,Best,10069
2026-06-13 12:30:05,3,2026-06-16,Tuesday,7:05 AM,9:20 AM,CCU,JAI,IndiGo,,135,0,101000,High,Cheapest,10069
2026-06-13 12:30:15,7,2026-06-20,Saturday,7:05 AM,9:20 AM,CCU,JAI,IndiGo,,135,0,101000,High,Best,9406
2026-06-13 12:30:15,7,2026-06-20,Saturday,7:05 AM,9:20 AM,CCU,JAI,IndiGo,,135,0,101000,High,Cheapest,9406
2026-06-13 12:30:29,14,2026-06-27,Saturday,4:05 PM,6:30 PM,CCU,JAI,IndiGo,,145,0,101000,High,Best,9290
2026-06-13 12:30:29,14,2026-06-27,Saturday,4:05 PM,6:30 PM,CCU,JAI,IndiGo,,145,0,101000,High,Cheapest,9290
2026-06-13 12:30:42,30,2026-07-13,Monday,7:05 AM,9:20 AM,CCU,JAI,IndiGo,,135,0,103000,Typical,Best,8713
2026-06-13 12:30:42,30,2026-07-13,Monday,7:05 AM,9:20 AM,CCU,JAI,IndiGo,,135,0,103000,Typical,Cheapest,8713
2026-06-13 12:31:00,60,2026-08-12,Wednesday,7:05 AM,9:20 AM,CCU,JAI,IndiGo,,135,0,104000,High,Best,8251
2026-06-13 12:31:00,60,2026-08-12,Wednesday,7:05 AM,9:20 AM,CCU,JAI,IndiGo,,135,0,104000,High,Cheapest,8251
2026-06-13 12:31:12,1,2026-06-14,Sunday,6:30 AM,11:30 AM,CCU,COK,IndiGo,LR 160,300,1,160000,High,Best,16463
2026-06-13 12:31:12,1,2026-06-14,Sunday,6:30 AM,11:30 AM,CCU,COK,IndiGo,LR 160,300,1,160000,High,Cheapest,16463
2026-06-13 12:31:28,3,2026-06-16,Tuesday,8:20 AM,7:05 PM,CCU,COK,IndiGo,LR 148,645,1,148000,High,Best,15596
2026-06-13 12:31:28,3,2026-06-16,Tuesday,8:20 AM,7:05 PM,CCU,COK,IndiGo,LR 148,645,1,148000,High,Cheapest,15596
2026-06-13 12:31:45,7,2026-06-20,Saturday,8:40 AM,3:35 PM,CCU,COK,IndiGo,YD 160,415,1,160000,High,Best,11565
2026-06-13 12:31:45,7,2026-06-20,Saturday,8:40 AM,3:35 PM,CCU,COK,IndiGo,YD 160,415,1,160000,High,Cheapest,11565
2026-06-13 12:31:58,14,2026-06-27,Saturday,6:30 AM,12:45 PM,CCU,COK,IndiGo,LR 153,375,1,153000,High,Best,10734
2026-06-13 12:31:58,14,2026-06-27,Saturday,8:35 AM,7:00 PM,CCU,COK,IndiGo,AA 151,625,1,151000,High,Cheapest,10545
2026-06-13 12:32:12,30,2026-07-13,Monday,6:20 AM,11:30 AM,CCU,COK,IndiGo,LR 151,310,1,151000,High,Best,9639
2026-06-13 12:32:12,30,2026-07-13,Monday,6:20 AM,11:30 AM,CCU,COK,IndiGo,LR 151,310,1,151000,High,Cheapest,9639
2026-06-13 12:32:29,60,2026-08-12,Wednesday,8:20 AM,2:00 PM,CCU,COK,IndiGo,LR 153,340,1,153000,High,Best,9458
2026-06-13 12:32:29,60,2026-08-12,Wednesday,8:20 AM,2:00 PM,CCU,COK,IndiGo,LR 153,340,1,153000,High,Cheapest,9458
2026-06-13 12:32:40,1,2026-06-14,Sunday,10:15 AM,6:45 PM,CCU,IXC,IndiGo,EL 134,510,1,134000,High,Best,12274
2026-06-13 12:32:40,1,2026-06-14,Sunday,10:15 AM,6:45 PM,CCU,IXC,IndiGo,EL 134,510,1,134000,High,Cheapest,12274
2026-06-13 12:32:50,3,2026-06-16,Tuesday,7:00 AM,3:00 PM,CCU,IXC,IndiGo,EL 130,480,1,130000,High,Best,12863
2026-06-13 12:32:50,3,2026-06-16,Tuesday,5:20 AM,3:00 PM,CCU,IXC,IndiGo,EL 130,580,1,130000,High,Cheapest,12639
2026-06-13 12:33:06,7,2026-06-20,Saturday,7:00 AM,3:00 PM,CCU,IXC,IndiGo,EL 130,480,1,130000,High,Best,11144
2026-06-13 12:33:06,7,2026-06-20,Saturday,7:00 AM,3:00 PM,CCU,IXC,IndiGo,EL 130,480,1,130000,High,Cheapest,11144
2026-06-13 12:33:22,14,2026-06-27,Saturday,11:40 AM,2:00 PM,CCU,IXC,IndiGo,,140,0,102000,High,Best,10483
2026-06-13 12:33:22,14,2026-06-27,Saturday,11:40 AM,2:00 PM,CCU,IXC,IndiGo,,140,0,102000,High,Cheapest,10483
2026-06-13 12:33:33,30,2026-07-13,Monday,10:45 AM,2:45 PM,CCU,IXC,IndiGo,AT 147,240,1,147000,Typical,Best,8793
2026-06-13 12:33:33,30,2026-07-13,Monday,10:45 AM,2:45 PM,CCU,IXC,IndiGo,AT 147,240,1,147000,Typical,Cheapest,8793
2026-06-13 12:33:49,60,2026-08-12,Wednesday,10:45 AM,2:45 PM,CCU,IXC,IndiGo,AT 149,240,1,149000,Typical,Best,8100
2026-06-13 12:33:49,60,2026-08-12,Wednesday,10:45 AM,2:45 PM,CCU,IXC,IndiGo,AT 149,240,1,149000,Typical,Cheapest,8100
2026-06-13 12:34:02,1,2026-06-14,Sunday,6:55 PM,9:20 PM,CCU,IDR,IndiGo,,145,0,112000,High,Best,16444
2026-06-13 12:34:02,1,2026-06-14,Sunday,6:55 PM,9:20 PM,CCU,IDR,IndiGo,,145,0,112000,High,Cheapest,16444
2026-06-13 12:34:19,3,2026-06-16,Tuesday,6:55 PM,9:20 PM,CCU,IDR,IndiGo,,145,0,96000,High,Best,13962
2026-06-13 12:34:19,3,2026-06-16,Tuesday,6:55 PM,9:20 PM,CCU,IDR,IndiGo,,145,0,96000,High,Cheapest,13962
2026-06-13 12:34:33,7,2026-06-20,Saturday,6:55 PM,9:20 PM,CCU,IDR,IndiGo,,145,0,96000,High,Best,11563
2026-06-13 12:34:33,7,2026-06-20,Saturday,6:55 PM,9:20 PM,CCU,IDR,IndiGo,,145,0,96000,High,Cheapest,11563
2026-06-13 12:34:48,14,2026-06-27,Saturday,6:55 PM,9:20 PM,CCU,IDR,IndiGo,,145,0,96000,High,Best,12029
2026-06-13 12:34:48,14,2026-06-27,Saturday,6:55 PM,9:20 PM,CCU,IDR,IndiGo,,145,0,96000,High,Cheapest,12029
2026-06-13 12:35:00,30,2026-07-13,Monday,6:55 PM,9:20 PM,CCU,IDR,IndiGo,,145,0,98000,High,Best,9746
2026-06-13 12:35:00,30,2026-07-13,Monday,6:55 PM,9:20 PM,CCU,IDR,IndiGo,,145,0,98000,High,Cheapest,9746
2026-06-13 12:35:17,60,2026-08-12,Wednesday,6:55 PM,9:20 PM,CCU,IDR,IndiGo,,145,0,99000,High,Best,8528
2026-06-13 12:35:17,60,2026-08-12,Wednesday,6:55 PM,9:20 PM,CCU,IDR,IndiGo,,145,0,99000,High,Cheapest,8528
2026-06-13 12:35:31,1,2026-06-14,Sunday,7:10 AM,8:40 AM,CCU,LKO,IndiGo,,90,0,68000,Typical,Best,8565
2026-06-13 12:35:31,1,2026-06-14,Sunday,7:10 AM,8:40 AM,CCU,LKO,IndiGo,,90,0,68000,Typical,Cheapest,8565
2026-06-13 12:35:44,3,2026-06-16,Tuesday,7:10 AM,8:40 AM,CCU,LKO,IndiGo,,90,0,68000,High,Best,7121
2026-06-13 12:35:44,3,2026-06-16,Tuesday,7:10 AM,8:40 AM,CCU,LKO,IndiGo,,90,0,68000,High,Cheapest,7121
2026-06-13 12:35:58,7,2026-06-20,Saturday,7:10 AM,8:40 AM,CCU,LKO,IndiGo,,90,0,68000,High,Best,7656
2026-06-13 12:35:58,7,2026-06-20,Saturday,7:10 AM,8:40 AM,CCU,LKO,IndiGo,,90,0,68000,High,Cheapest,7656
2026-06-13 12:36:11,14,2026-06-27,Saturday,7:10 AM,8:40 AM,CCU,LKO,IndiGo,,90,0,68000,High,Best,7497
2026-06-13 12:36:11,14,2026-06-27,Saturday,7:10 AM,8:40 AM,CCU,LKO,IndiGo,,90,0,68000,High,Cheapest,7497
2026-06-13 12:36:27,30,2026-07-13,Monday,7:10 AM,8:40 AM,CCU,LKO,IndiGo,,90,0,69000,Typical,Best,6140
2026-06-13 12:36:27,30,2026-07-13,Monday,7:10 AM,8:40 AM,CCU,LKO,IndiGo,,90,0,69000,Typical,Cheapest,6140
2026-06-13 12:36:39,60,2026-08-12,Wednesday,10:45 AM,4:20 PM,CCU,LKO,IndiGo,AT 101,335,1,101000,Typical,Best,6134
2026-06-13 12:36:39,60,2026-08-12,Wednesday,10:45 AM,4:20 PM,CCU,LKO,IndiGo,AT 101,335,1,101000,Typical,Cheapest,6134
2026-06-13 12:36:54,1,2026-06-14,Sunday,12:05 AM,8:35 AM,PNQ,BOM,"Air India Express, Air India",LR 165,510,1,165000,,Best,
2026-06-13 12:36:54,1,2026-06-14,Sunday,12:05 AM,8:35 AM,PNQ,BOM,"Air India Express, Air India",LR 165,510,1,165000,,Cheapest,
2026-06-13 12:37:11,3,2026-06-16,Tuesday,12:05 AM,8:35 AM,PNQ,BOM,"Air India Express, Air India",LR 165,510,1,165000,,Best,
2026-06-13 12:37:11,3,2026-06-16,Tuesday,12:05 AM,8:35 AM,PNQ,BOM,"Air India Express, Air India",LR 165,510,1,165000,,Cheapest,
2026-06-13 12:37:27,7,2026-06-20,Saturday,12:05 AM,8:35 AM,PNQ,BOM,"Air India Express, Air India",LR 165,510,1,165000,,Best,
2026-06-13 12:37:27,7,2026-06-20,Saturday,12:05 AM,8:35 AM,PNQ,BOM,"Air India Express, Air India",LR 165,510,1,165000,,Cheapest,
2026-06-13 12:37:42,14,2026-06-27,Saturday,12:05 AM,8:35 AM,PNQ,BOM,"Air India Express, Air India",LR 165,510,1,165000,,Best,
2026-06-13 12:37:42,14,2026-06-27,Saturday,12:05 AM,8:35 AM,PNQ,BOM,"Air India Express, Air India",LR 165,510,1,165000,,Cheapest,
2026-06-13 12:37:58,30,2026-07-13,Monday,12:05 AM,8:35 AM,PNQ,BOM,"Air India Express, Air India",LR 158,510,1,158000,,Best,
2026-06-13 12:37:58,30,2026-07-13,Monday,12:05 AM,8:35 AM,PNQ,BOM,"Air India Express, Air India",LR 158,510,1,158000,,Cheapest,
2026-06-13 12:38:14,60,2026-08-12,Wednesday,12:15 AM,8:15 AM,PNQ,BOM,"Air India Express, Air India",AA 186,480,1,186000,,Best,
2026-06-13 12:38:14,60,2026-08-12,Wednesday,12:15 AM,8:15 AM,PNQ,BOM,"Air India Express, Air India",AA 186,480,1,186000,,Cheapest,
2026-06-13 12:38:30,1,2026-06-14,Sunday,1:20 AM,3:40 AM,PNQ,DEL,Air India Express,,140,0,125000,High,Best,7828
2026-06-13 12:38:30,1,2026-06-14,Sunday,1:20 AM,3:40 AM,PNQ,DEL,Air India Express,,140,0,125000,High,Cheapest,7828
2026-06-13 12:38:49,3,2026-06-16,Tuesday,1:45 AM,4:00 AM,PNQ,DEL,IndiGo,,135,0,91000,High,Best,8102
2026-06-13 12:38:49,3,2026-06-16,Tuesday,11:30 PM,7:40 AM,PNQ,DEL,IndiGo,AI 109,490,1,109000,High,Cheapest,7581
2026-06-13 12:39:07,7,2026-06-20,Saturday,8:10 AM,12:20 PM,PNQ,DEL,Air India Express,DR 148,250,1,148000,High,Best,8332
2026-06-13 12:39:07,7,2026-06-20,Saturday,4:40 AM,2:10 PM,PNQ,DEL,IndiGo,MD 118,570,1,118000,High,Cheapest,7429
2026-06-13 12:39:18,14,2026-06-27,Saturday,7:25 AM,9:40 AM,PNQ,DEL,IndiGo,,135,0,91000,Typical,Best,7937
2026-06-13 12:39:18,14,2026-06-27,Saturday,4:40 AM,9:15 AM,PNQ,DEL,IndiGo,MD 118,275,1,118000,Typical,Cheapest,7065
2026-06-13 12:39:36,30,2026-07-13,Monday,8:10 AM,12:15 PM,PNQ,DEL,Air India Express,DR 134,245,1,134000,Typical,Best,7024
2026-06-13 12:39:36,30,2026-07-13,Monday,8:10 AM,12:15 PM,PNQ,DEL,Air India Express,DR 134,245,1,134000,Typical,Cheapest,7024
2026-06-13 12:39:48,60,2026-08-12,Wednesday,9:05 PM,11:40 PM,PNQ,DEL,Akasa Air,,155,0,99000,High,Best,6435
2026-06-13 12:39:48,60,2026-08-12,Wednesday,9:05 PM,11:40 PM,PNQ,DEL,Akasa Air,,155,0,99000,High,Cheapest,6435
2026-06-13 12:40:07,1,2026-06-14,Sunday,1:15 AM,2:55 AM,PNQ,BLR,IndiGo,,100,0,61000,Typical,Best,4794
2026-06-13 12:40:07,1,2026-06-14,Sunday,1:15 AM,2:55 AM,PNQ,BLR,IndiGo,,100,0,61000,Typical,Cheapest,4794
2026-06-13 12:40:20,3,2026-06-16,Tuesday,1:15 AM,2:55 AM,PNQ,BLR,IndiGo,,100,0,61000,Typical,Best,4794
2026-06-13 12:40:20,3,2026-06-16,Tuesday,1:15 AM,2:55 AM,PNQ,BLR,IndiGo,,100,0,61000,Typical,Cheapest,4794
2026-06-13 12:40:32,7,2026-06-20,Saturday,1:15 AM,2:55 AM,PNQ,BLR,IndiGo,,100,0,61000,Typical,Best,4794
2026-06-13 12:40:32,7,2026-06-20,Saturday,1:15 AM,2:55 AM,PNQ,BLR,IndiGo,,100,0,61000,Typical,Cheapest,4794
2026-06-13 12:40:46,14,2026-06-27,Saturday,1:15 AM,2:55 AM,PNQ,BLR,IndiGo,,100,0,61000,Typical,Best,4794
2026-06-13 12:40:46,14,2026-06-27,Saturday,1:15 AM,2:55 AM,PNQ,BLR,IndiGo,,100,0,61000,Typical,Cheapest,4794
2026-06-13 12:41:02,30,2026-07-13,Monday,5:35 PM,7:15 PM,PNQ,BLR,Akasa Air,,100,0,63000,Typical,Best,4738
2026-06-13 12:41:02,30,2026-07-13,Monday,5:35 PM,7:15 PM,PNQ,BLR,Akasa Air,,100,0,63000,Typical,Cheapest,4738
2026-06-13 12:41:21,60,2026-08-12,Wednesday,7:25 AM,9:05 AM,PNQ,BLR,Akasa Air,,100,0,67000,High,Best,4784
2026-06-13 12:41:21,60,2026-08-12,Wednesday,1:55 PM,8:55 PM,PNQ,BLR,IndiGo,OI 93,420,1,93000,High,Cheapest,4473
2026-06-13 12:41:35,1,2026-06-14,Sunday,1:50 AM,3:10 AM,PNQ,HYD,IndiGo,,80,0,48000,High,Best,6166
2026-06-13 12:41:35,1,2026-06-14,Sunday,1:50 AM,3:10 AM,PNQ,HYD,IndiGo,,80,0,48000,High,Cheapest,6166
2026-06-13 12:41:45,3,2026-06-16,Tuesday,1:50 AM,3:10 AM,PNQ,HYD,IndiGo,,80,0,48000,High,Best,6166
2026-06-13 12:41:45,3,2026-06-16,Tuesday,10:20 PM,11:40 PM,PNQ,HYD,IndiGo,,80,0,48000,High,Cheapest,5935
2026-06-13 12:41:57,7,2026-06-20,Saturday,1:50 AM,3:10 AM,PNQ,HYD,IndiGo,,80,0,48000,High,Best,5731
2026-06-13 12:41:57,7,2026-06-20,Saturday,1:50 AM,3:10 AM,PNQ,HYD,IndiGo,,80,0,48000,High,Cheapest,5731
2026-06-13 12:42:09,14,2026-06-27,Saturday,1:50 AM,3:10 AM,PNQ,HYD,IndiGo,,80,0,48000,High,Best,5415
2026-06-13 12:42:09,14,2026-06-27,Saturday,5:25 AM,12:15 PM,PNQ,HYD,IndiGo,OX 94,410,1,94000,High,Cheapest,5328
2026-06-13 12:42:25,30,2026-07-13,Monday,1:50 AM,3:10 AM,PNQ,HYD,IndiGo,,80,0,49000,Typical,Best,5096
2026-06-13 12:42:25,30,2026-07-13,Monday,1:50 AM,3:10 AM,PNQ,HYD,IndiGo,,80,0,49000,Typical,Cheapest,5096
2026-06-13 12:42:38,60,2026-08-12,Wednesday,1:50 AM,3:10 AM,PNQ,HYD,IndiGo,,80,0,50000,High,Best,5096
2026-06-13 12:42:38,60,2026-08-12,Wednesday,1:50 AM,3:10 AM,PNQ,HYD,IndiGo,,80,0,50000,High,Cheapest,5096
2026-06-13 12:42:52,1,2026-06-14,Sunday,12:45 AM,2:35 AM,PNQ,MAA,IndiGo,,110,0,72000,Typical,Best,5406
2026-06-13 12:42:52,1,2026-06-14,Sunday,12:45 AM,2:35 AM,PNQ,MAA,IndiGo,,110,0,72000,Typical,Cheapest,5406
2026-06-13 12:43:08,3,2026-06-16,Tuesday,12:45 AM,2:35 AM,PNQ,MAA,IndiGo,,110,0,72000,,Best,5406
2026-06-13 12:43:08,3,2026-06-16,Tuesday,12:45 AM,2:35 AM,PNQ,MAA,IndiGo,,110,0,72000,,Cheapest,5406
2026-06-13 12:43:20,7,2026-06-20,Saturday,12:45 AM,2:35 AM,PNQ,MAA,IndiGo,,110,0,72000,,Best,5406
2026-06-13 12:43:20,7,2026-06-20,Saturday,12:45 AM,2:35 AM,PNQ,MAA,IndiGo,,110,0,72000,,Cheapest,5406
2026-06-13 12:43:35,14,2026-06-27,Saturday,12:45 AM,2:35 AM,PNQ,MAA,IndiGo,,110,0,72000,,Best,5406
2026-06-13 12:43:35,14,2026-06-27,Saturday,12:45 AM,2:35 AM,PNQ,MAA,IndiGo,,110,0,72000,,Cheapest,5406
2026-06-13 12:43:48,30,2026-07-13,Monday,12:45 AM,2:35 AM,PNQ,MAA,IndiGo,,110,0,73000,Typical,Best,5406
2026-06-13 12:43:48,30,2026-07-13,Monday,12:45 AM,2:35 AM,PNQ,MAA,IndiGo,,110,0,73000,Typical,Cheapest,5406
2026-06-13 12:44:03,60,2026-08-12,Wednesday,12:45 AM,2:35 AM,PNQ,MAA,IndiGo,,110,0,74000,High,Best,5406
2026-06-13 12:44:03,60,2026-08-12,Wednesday,12:45 AM,2:35 AM,PNQ,MAA,IndiGo,,110,0,74000,High,Cheapest,5406
2026-06-13 12:44:16,1,2026-06-14,Sunday,11:45 PM,2:20 AM,PNQ,CCU,IndiGo,,155,0,110000,Typical,Best,8158
2026-06-13 12:44:16,1,2026-06-14,Sunday,11:45 PM,2:20 AM,PNQ,CCU,IndiGo,,155,0,110000,Typical,Cheapest,8158
2026-06-13 12:44:26,3,2026-06-16,Tuesday,11:45 PM,2:20 AM,PNQ,CCU,IndiGo,,155,0,110000,High,Best,8430
2026-06-13 12:44:26,3,2026-06-16,Tuesday,2:00 PM,10:40 PM,PNQ,CCU,IndiGo,DR 145,520,1,145000,High,Cheapest,8329
2026-06-13 12:44:37,7,2026-06-20,Saturday,11:45 PM,2:20 AM,PNQ,CCU,IndiGo,,155,0,110000,Typical,Best,7737
2026-06-13 12:44:37,7,2026-06-20,Saturday,11:45 PM,2:20 AM,PNQ,CCU,IndiGo,,155,0,110000,Typical,Cheapest,7737
2026-06-13 12:44:49,14,2026-06-27,Saturday,11:45 PM,2:20 AM,PNQ,CCU,IndiGo,,155,0,110000,Typical,Best,7279
2026-06-13 12:44:49,14,2026-06-27,Saturday,11:45 PM,2:20 AM,PNQ,CCU,IndiGo,,155,0,110000,Typical,Cheapest,7279
2026-06-13 12:45:03,30,2026-07-13,Monday,5:40 PM,8:10 PM,PNQ,CCU,IndiGo,,150,0,112000,Typical,Best,6283
2026-06-13 12:45:03,30,2026-07-13,Monday,5:40 PM,8:10 PM,PNQ,CCU,IndiGo,,150,0,112000,Typical,Cheapest,6283
2026-06-13 12:45:20,60,2026-08-12,Wednesday,5:40 PM,8:10 PM,PNQ,CCU,IndiGo,,150,0,114000,Typical,Best,6283
2026-06-13 12:45:20,60,2026-08-12,Wednesday,5:40 PM,8:10 PM,PNQ,CCU,IndiGo,,150,0,114000,Typical,Cheapest,6283
2026-06-13 12:45:37,1,2026-06-14,Sunday,4:40 AM,6:10 AM,PNQ,AMD,IndiGo,,90,0,55000,High,Best,5198
2026-06-13 12:45:37,1,2026-06-14,Sunday,4:40 AM,6:10 AM,PNQ,AMD,IndiGo,,90,0,55000,High,Cheapest,5198
2026-06-13 12:45:50,3,2026-06-16,Tuesday,10:40 PM,12:00 AM,PNQ,AMD,IndiGo,,80,0,55000,Typical,Best,3754
2026-06-13 12:45:50,3,2026-06-16,Tuesday,10:40 PM,12:00 AM,PNQ,AMD,IndiGo,,80,0,55000,Typical,Cheapest,3754
2026-06-13 12:46:04,7,2026-06-20,Saturday,4:40 AM,6:10 AM,PNQ,AMD,IndiGo,,90,0,55000,Typical,Best,3581
2026-06-13 12:46:04,7,2026-06-20,Saturday,4:40 AM,6:10 AM,PNQ,AMD,IndiGo,,90,0,55000,Typical,Cheapest,3581
2026-06-13 12:46:14,14,2026-06-27,Saturday,4:40 AM,6:10 AM,PNQ,AMD,IndiGo,,90,0,55000,Low,Best,3397
2026-06-13 12:46:14,14,2026-06-27,Saturday,4:40 AM,6:10 AM,PNQ,AMD,IndiGo,,90,0,55000,Low,Cheapest,3397
2026-06-13 12:46:26,30,2026-07-13,Monday,4:40 AM,6:10 AM,PNQ,AMD,IndiGo,,90,0,51000,Typical,Best,3397
2026-06-13 12:46:26,30,2026-07-13,Monday,4:40 AM,6:10 AM,PNQ,AMD,IndiGo,,90,0,51000,Typical,Cheapest,3397
2026-06-13 12:46:39,60,2026-08-12,Wednesday,4:40 AM,6:10 AM,PNQ,AMD,IndiGo,,90,0,52000,Typical,Best,3397
2026-06-13 12:46:39,60,2026-08-12,Wednesday,4:40 AM,6:10 AM,PNQ,AMD,IndiGo,,90,0,52000,Typical,Cheapest,3397
2026-06-13 12:46:56,1,2026-06-14,Sunday,2:00 PM,3:10 PM,PNQ,STV,IndiGo,,70,0,36000,High,Best,7442
2026-06-13 12:46:56,1,2026-06-14,Sunday,2:00 PM,3:10 PM,PNQ,STV,IndiGo,,70,0,36000,High,Cheapest,7442
2026-06-13 12:49:59,60,2026-08-12,Wednesday,2:00 PM,3:10 PM,PNQ,STV,IndiGo,,70,0,37000,Typical,Best,4194
2026-06-13 12:49:59,60,2026-08-12,Wednesday,2:00 PM,3:10 PM,PNQ,STV,IndiGo,,70,0,37000,Typical,Cheapest,4194
2026-06-13 12:50:11,1,2026-06-14,Sunday,1:50 AM,10:05 AM,PNQ,VTZ,IndiGo,YD 97,495,1,97000,High,Best,8336
2026-06-13 12:50:11,1,2026-06-14,Sunday,1:50 AM,10:05 AM,PNQ,VTZ,IndiGo,YD 97,495,1,97000,High,Cheapest,8336
2026-06-13 12:50:21,3,2026-06-16,Tuesday,1:50 AM,12:30 PM,PNQ,VTZ,IndiGo,YD 101,640,1,101000,Typical,Best,7551
2026-06-13 12:50:21,3,2026-06-16,Tuesday,1:50 AM,12:30 PM,PNQ,VTZ,IndiGo,YD 101,640,1,101000,Typical,Cheapest,7551
2026-06-13 12:50:33,7,2026-06-20,Saturday,1:50 AM,8:25 AM,PNQ,VTZ,IndiGo,YD 97,395,1,97000,High,Best,8236
2026-06-13 12:50:33,7,2026-06-20,Saturday,1:50 AM,8:25 AM,PNQ,VTZ,IndiGo,YD 97,395,1,97000,High,Cheapest,8236
2026-06-13 12:50:44,14,2026-06-27,Saturday,1:50 AM,8:25 AM,PNQ,VTZ,IndiGo,YD 97,395,1,97000,High,Best,7983
2026-06-13 12:50:44,14,2026-06-27,Saturday,1:50 AM,8:25 AM,PNQ,VTZ,IndiGo,YD 97,395,1,97000,High,Cheapest,7983
2026-06-13 12:50:54,30,2026-07-13,Monday,1:50 AM,8:25 AM,PNQ,VTZ,IndiGo,YD 99,395,1,99000,Typical,Best,7217
2026-06-13 12:50:54,30,2026-07-13,Monday,6:25 AM,3:45 PM,PNQ,VTZ,IndiGo,YD 99,560,1,99000,Typical,Cheapest,7209
2026-06-13 12:51:10,60,2026-08-12,Wednesday,1:50 AM,8:25 AM,PNQ,VTZ,IndiGo,YD 100,395,1,100000,High,Best,6904
2026-06-13 12:51:10,60,2026-08-12,Wednesday,1:50 AM,8:25 AM,PNQ,VTZ,IndiGo,YD 100,395,1,100000,High,Cheapest,6904
2026-06-13 12:51:27,1,2026-06-14,Sunday,11:30 PM,1:20 AM,PNQ,JAI,IndiGo,,110,0,75000,Typical,Best,7537
2026-06-13 12:51:27,1,2026-06-14,Sunday,11:30 PM,1:20 AM,PNQ,JAI,IndiGo,,110,0,75000,Typical,Cheapest,7537
2026-06-13 12:51:42,3,2026-06-16,Tuesday,11:30 PM,1:20 AM,PNQ,JAI,IndiGo,,110,0,75000,Typical,Best,7730
2026-06-13 12:51:42,3,2026-06-16,Tuesday,11:30 PM,1:20 AM,PNQ,JAI,IndiGo,,110,0,75000,Typical,Cheapest,7730
2026-06-13 12:51:53,7,2026-06-20,Saturday,11:30 PM,1:20 AM,PNQ,JAI,IndiGo,,110,0,75000,Typical,Best,7620
2026-06-13 12:51:53,7,2026-06-20,Saturday,11:30 PM,1:20 AM,PNQ,JAI,IndiGo,,110,0,75000,Typical,Cheapest,7620
2026-06-13 12:52:08,14,2026-06-27,Saturday,11:30 PM,1:20 AM,PNQ,JAI,IndiGo,,110,0,75000,Typical,Best,7371
2026-06-13 12:52:08,14,2026-06-27,Saturday,11:30 PM,1:20 AM,PNQ,JAI,IndiGo,,110,0,75000,Typical,Cheapest,7371
2026-06-13 12:52:24,30,2026-07-13,Monday,11:30 PM,1:20 AM,PNQ,JAI,IndiGo,,110,0,76000,Typical,Best,7567
2026-06-13 12:52:24,30,2026-07-13,Monday,11:30 PM,1:20 AM,PNQ,JAI,IndiGo,,110,0,76000,Typical,Cheapest,7567
2026-06-13 12:52:37,60,2026-08-12,Wednesday,11:30 PM,1:20 AM,PNQ,JAI,IndiGo,,110,0,77000,High,Best,7567
2026-06-13 12:52:37,60,2026-08-12,Wednesday,11:30 PM,1:20 AM,PNQ,JAI,IndiGo,,110,0,77000,High,Cheapest,7567
2026-06-13 12:52:50,1,2026-06-14,Sunday,3:05 AM,4:50 AM,PNQ,COK,IndiGo,,105,0,78000,High,Best,6119
2026-06-13 12:52:50,1,2026-06-14,Sunday,3:05 AM,4:50 AM,PNQ,COK,IndiGo,,105,0,78000,High,Cheapest,6119
2026-06-13 12:53:06,3,2026-06-16,Tuesday,3:05 AM,4:50 AM,PNQ,COK,IndiGo,,105,0,78000,Typical,Best,5647
2026-06-13 12:53:06,3,2026-06-16,Tuesday,3:05 AM,4:50 AM,PNQ,COK,IndiGo,,105,0,78000,Typical,Cheapest,5647
2026-06-13 12:53:20,7,2026-06-20,Saturday,3:05 AM,4:50 AM,PNQ,COK,IndiGo,,105,0,78000,Typical,Best,5647
2026-06-13 12:53:20,7,2026-06-20,Saturday,3:05 AM,4:50 AM,PNQ,COK,IndiGo,,105,0,78000,Typical,Cheapest,5647
2026-06-13 12:53:37,14,2026-06-27,Saturday,3:05 AM,4:50 AM,PNQ,COK,IndiGo,,105,0,78000,Typical,Best,5647
2026-06-13 12:53:37,14,2026-06-27,Saturday,3:05 AM,4:50 AM,PNQ,COK,IndiGo,,105,0,78000,Typical,Cheapest,5647
2026-06-13 12:53:53,30,2026-07-13,Monday,3:05 AM,4:50 AM,PNQ,COK,IndiGo,,105,0,79000,Typical,Best,5647
2026-06-13 12:53:53,30,2026-07-13,Monday,3:05 AM,4:50 AM,PNQ,COK,IndiGo,,105,0,79000,Typical,Cheapest,5647
2026-06-13 12:54:07,60,2026-08-12,Wednesday,3:05 AM,4:50 AM,PNQ,COK,IndiGo,,105,0,80000,Typical,Best,5647
2026-06-13 12:54:07,60,2026-08-12,Wednesday,3:05 AM,4:50 AM,PNQ,COK,IndiGo,,105,0,80000,Typical,Cheapest,5647
2026-06-13 12:54:22,1,2026-06-14,Sunday,3:00 AM,5:20 AM,PNQ,IXC,IndiGo,,140,0,99000,Typical,Best,8144
2026-06-13 12:54:22,1,2026-06-14,Sunday,3:00 AM,5:20 AM,PNQ,IXC,IndiGo,,140,0,99000,Typical,Cheapest,8144
2026-06-13 12:54:37,3,2026-06-16,Tuesday,12:15 AM,9:10 AM,PNQ,IXC,IndiGo,EL 125,535,1,125000,High,Best,10087
2026-06-13 12:54:37,3,2026-06-16,Tuesday,1:10 AM,11:40 AM,PNQ,IXC,IndiGo,DR 122,630,1,122000,High,Cheapest,10044
2026-06-13 12:54:54,7,2026-06-20,Saturday,3:00 AM,5:20 AM,PNQ,IXC,IndiGo,,140,0,99000,High,Best,10222
2026-06-13 12:54:54,7,2026-06-20,Saturday,1:10 AM,11:40 AM,PNQ,IXC,IndiGo,DR 122,630,1,122000,High,Cheapest,9255
2026-06-13 12:55:08,14,2026-06-27,Saturday,8:55 AM,1:20 PM,PNQ,IXC,IndiGo,MD 134,265,1,134000,High,Best,9045
2026-06-13 12:55:08,14,2026-06-27,Saturday,4:40 AM,1:20 PM,PNQ,IXC,IndiGo,MD 134,520,1,134000,High,Cheapest,8825
2026-06-13 12:55:21,30,2026-07-13,Monday,3:00 AM,5:20 AM,PNQ,IXC,IndiGo,,140,0,101000,Typical,Best,7565
2026-06-13 12:55:21,30,2026-07-13,Monday,3:00 AM,5:20 AM,PNQ,IXC,IndiGo,,140,0,101000,Typical,Cheapest,7565
2026-06-13 12:55:36,60,2026-08-12,Wednesday,3:00 AM,5:20 AM,PNQ,IXC,IndiGo,,140,0,102000,High,Best,8432
2026-06-13 12:55:36,60,2026-08-12,Wednesday,11:30 PM,7:35 AM,PNQ,IXC,IndiGo,AI 123,485,1,123000,High,Cheapest,8119
2026-06-13 12:55:54,1,2026-06-14,Sunday,1:10 AM,2:30 AM,PNQ,IDR,IndiGo,,80,0,52000,High,Best,5434
2026-06-13 12:55:54,1,2026-06-14,Sunday,1:10 AM,2:30 AM,PNQ,IDR,IndiGo,,80,0,52000,High,Cheapest,5434
2026-06-13 12:56:07,3,2026-06-16,Tuesday,1:10 AM,2:30 AM,PNQ,IDR,IndiGo,,80,0,52000,Typical,Best,5122
2026-06-13 12:56:07,3,2026-06-16,Tuesday,1:10 AM,2:30 AM,PNQ,IDR,IndiGo,,80,0,52000,Typical,Cheapest,5122
2026-06-13 12:56:20,7,2026-06-20,Saturday,1:10 AM,2:30 AM,PNQ,IDR,IndiGo,,80,0,52000,Typical,Best,5122
2026-06-13 12:56:20,7,2026-06-20,Saturday,1:10 AM,2:30 AM,PNQ,IDR,IndiGo,,80,0,52000,Typical,Cheapest,5122
2026-06-13 12:56:34,14,2026-06-27,Saturday,1:10 AM,2:30 AM,PNQ,IDR,IndiGo,,80,0,52000,Typical,Best,5278
2026-06-13 12:56:34,14,2026-06-27,Saturday,1:10 AM,2:30 AM,PNQ,IDR,IndiGo,,80,0,52000,Typical,Cheapest,5278
2026-06-13 12:56:51,30,2026-07-13,Monday,1:10 AM,2:30 AM,PNQ,IDR,IndiGo,,80,0,53000,Typical,Best,5079
2026-06-13 12:56:51,30,2026-07-13,Monday,1:10 AM,2:30 AM,PNQ,IDR,IndiGo,,80,0,53000,Typical,Cheapest,5079
2026-06-13 12:57:01,60,2026-08-12,Wednesday,1:10 AM,2:30 AM,PNQ,IDR,IndiGo,,80,0,54000,Typical,Best,5079
2026-06-13 12:57:01,60,2026-08-12,Wednesday,1:10 AM,2:30 AM,PNQ,IDR,IndiGo,,80,0,54000,Typical,Cheapest,5079
2026-06-13 12:57:11,1,2026-06-14,Sunday,12:10 AM,2:20 AM,PNQ,LKO,IndiGo,,130,0,92000,High,Best,9309
2026-06-13 12:57:11,1,2026-06-14,Sunday,12:10 AM,2:20 AM,PNQ,LKO,IndiGo,,130,0,92000,High,Cheapest,9309
2026-06-13 12:57:23,3,2026-06-16,Tuesday,12:10 AM,2:20 AM,PNQ,LKO,IndiGo,,130,0,92000,High,Best,9386
2026-06-13 12:57:23,3,2026-06-16,Tuesday,12:10 AM,2:20 AM,PNQ,LKO,IndiGo,,130,0,92000,High,Cheapest,9386
2026-06-13 12:57:37,7,2026-06-20,Saturday,4:40 AM,10:05 AM,PNQ,LKO,IndiGo,MD 136,325,1,136000,High,Best,8748
2026-06-13 12:57:37,7,2026-06-20,Saturday,4:40 AM,10:05 AM,PNQ,LKO,IndiGo,MD 136,325,1,136000,High,Cheapest,8748
2026-06-13 12:57:52,14,2026-06-27,Saturday,8:55 AM,4:05 PM,PNQ,LKO,IndiGo,MD 149,430,1,149000,High,Best,8380
2026-06-13 12:57:52,14,2026-06-27,Saturday,8:55 AM,4:05 PM,PNQ,LKO,IndiGo,MD 149,430,1,149000,High,Cheapest,8380
2026-06-13 12:58:01,30,2026-07-13,Monday,12:10 AM,2:20 AM,PNQ,LKO,IndiGo,,130,0,94000,Typical,Best,7245
2026-06-13 12:58:01,30,2026-07-13,Monday,12:10 AM,2:20 AM,PNQ,LKO,IndiGo,,130,0,94000,Typical,Cheapest,7245
2026-06-13 12:58:19,60,2026-08-12,Wednesday,12:10 AM,2:20 AM,PNQ,LKO,IndiGo,,130,0,95000,High,Best,7894
2026-06-13 12:58:19,60,2026-08-12,Wednesday,12:10 AM,2:20 AM,PNQ,LKO,IndiGo,,130,0,95000,High,Cheapest,7894
2026-06-13 12:58:30,1,2026-06-14,Sunday,4:45 AM,6:15 AM,AMD,BOM,Akasa Air,,90,0,49000,Typical,Best,3356
2026-06-13 12:58:30,1,2026-06-14,Sunday,4:45 AM,6:15 AM,AMD,BOM,Akasa Air,,90,0,49000,Typical,Cheapest,3356
2026-06-13 12:58:43,3,2026-06-16,Tuesday,4:00 AM,5:30 AM,AMD,BOM,IndiGo,,90,0,52000,Typical,Best,3124
2026-06-13 12:58:43,3,2026-06-16,Tuesday,4:00 AM,5:30 AM,AMD,BOM,IndiGo,,90,0,52000,Typical,Cheapest,3124
2026-06-13 12:59:00,7,2026-06-20,Saturday,4:00 AM,5:30 AM,AMD,BOM,IndiGo,,90,0,52000,Typical,Best,3124
2026-06-13 12:59:00,7,2026-06-20,Saturday,4:00 AM,5:30 AM,AMD,BOM,IndiGo,,90,0,52000,Typical,Cheapest,3124
2026-06-13 12:59:16,14,2026-06-27,Saturday,4:00 AM,5:30 AM,AMD,BOM,IndiGo,,90,0,52000,Typical,Best,3124
2026-06-13 12:59:16,14,2026-06-27,Saturday,4:00 AM,5:30 AM,AMD,BOM,IndiGo,,90,0,52000,Typical,Cheapest,3124
2026-06-13 12:59:30,30,2026-07-13,Monday,1:15 AM,2:55 AM,AMD,BOM,IndiGo,,100,0,53000,Typical,Best,3124
2026-06-13 12:59:30,30,2026-07-13,Monday,1:15 AM,2:55 AM,AMD,BOM,IndiGo,,100,0,53000,Typical,Cheapest,3124
2026-06-13 12:59:42,60,2026-08-12,Wednesday,1:15 AM,2:55 AM,AMD,BOM,IndiGo,,100,0,53000,Typical,Best,3124
2026-06-13 12:59:42,60,2026-08-12,Wednesday,1:15 AM,2:55 AM,AMD,BOM,IndiGo,,100,0,53000,Typical,Cheapest,3124
2026-06-13 12:59:54,1,2026-06-14,Sunday,12:05 AM,2:00 AM,AMD,DEL,IndiGo,,115,0,64000,,Best,5027
2026-06-13 12:59:54,1,2026-06-14,Sunday,12:05 AM,2:00 AM,AMD,DEL,IndiGo,,115,0,64000,,Cheapest,5027
2026-06-13 13:00:10,3,2026-06-16,Tuesday,12:05 AM,2:00 AM,AMD,DEL,IndiGo,,115,0,64000,High,Best,5200
2026-06-13 13:00:10,3,2026-06-16,Tuesday,12:05 AM,2:00 AM,AMD,DEL,IndiGo,,115,0,64000,High,Cheapest,5200
2026-06-13 13:00:25,7,2026-06-20,Saturday,6:15 AM,7:55 AM,AMD,DEL,IndiGo,,100,0,79000,Typical,Best,4904
2026-06-13 13:00:25,7,2026-06-20,Saturday,12:05 AM,2:00 AM,AMD,DEL,IndiGo,,115,0,64000,Typical,Cheapest,4849
2026-06-13 13:00:40,14,2026-06-27,Saturday,5:00 AM,6:45 AM,AMD,DEL,IndiGo,,105,0,64000,Typical,Best,4849
2026-06-13 13:00:40,14,2026-06-27,Saturday,5:00 AM,6:45 AM,AMD,DEL,IndiGo,,105,0,64000,Typical,Cheapest,4849
2026-06-13 13:00:53,30,2026-07-13,Monday,12:05 AM,2:00 AM,AMD,DEL,IndiGo,,115,0,65000,Typical,Best,4849
2026-06-13 13:00:53,30,2026-07-13,Monday,12:05 AM,2:00 AM,AMD,DEL,IndiGo,,115,0,65000,Typical,Cheapest,4849
2026-06-13 13:01:09,60,2026-08-12,Wednesday,12:05 AM,2:00 AM,AMD,DEL,IndiGo,,115,0,65000,High,Best,4959
2026-06-13 13:01:09,60,2026-08-12,Wednesday,12:05 AM,2:00 AM,AMD,DEL,IndiGo,,115,0,65000,High,Cheapest,4959
2026-06-13 13:01:27,1,2026-06-14,Sunday,10:45 PM,1:10 AM,AMD,BLR,IndiGo,,145,0,91000,High,Best,6327
2026-06-13 13:01:27,1,2026-06-14,Sunday,10:45 PM,1:10 AM,AMD,BLR,IndiGo,,145,0,91000,High,Cheapest,6327
2026-06-13 13:01:38,3,2026-06-16,Tuesday,11:15 PM,4:40 AM,AMD,BLR,IndiGo,OM 121,325,1,121000,Typical,Best,6029
2026-06-13 13:01:38,3,2026-06-16,Tuesday,11:15 PM,4:40 AM,AMD,BLR,IndiGo,OM 121,325,1,121000,Typical,Cheapest,6029
2026-06-13 13:01:56,7,2026-06-20,Saturday,4:55 PM,7:15 PM,AMD,BLR,IndiGo,,140,0,97000,Typical,Best,5918
2026-06-13 13:01:56,7,2026-06-20,Saturday,4:55 PM,7:15 PM,AMD,BLR,IndiGo,,140,0,97000,Typical,Cheapest,5918
2026-06-13 13:02:12,14,2026-06-27,Saturday,10:45 PM,1:10 AM,AMD,BLR,IndiGo,,145,0,97000,High,Best,6149
2026-06-13 13:02:12,14,2026-06-27,Saturday,10:45 PM,1:10 AM,AMD,BLR,IndiGo,,145,0,97000,High,Cheapest,6149
2026-06-13 13:02:25,30,2026-07-13,Monday,8:20 AM,10:45 AM,AMD,BLR,IndiGo,,145,0,98000,Typical,Best,4880
2026-06-13 13:02:25,30,2026-07-13,Monday,8:20 AM,10:45 AM,AMD,BLR,IndiGo,,145,0,98000,Typical,Cheapest,4880
2026-06-13 13:02:38,60,2026-08-12,Wednesday,7:45 PM,10:05 PM,AMD,BLR,IndiGo,,140,0,94000,Typical,Best,4913
2026-06-13 13:02:38,60,2026-08-12,Wednesday,7:45 PM,10:05 PM,AMD,BLR,IndiGo,,140,0,94000,Typical,Cheapest,4913
2026-06-13 13:02:56,1,2026-06-14,Sunday,8:45 PM,3:10 AM,AMD,HYD,IndiGo,NQ 102,385,1,102000,Typical,Best,5963
2026-06-13 13:02:56,1,2026-06-14,Sunday,8:45 PM,3:10 AM,AMD,HYD,IndiGo,NQ 102,385,1,102000,Typical,Cheapest,5963
2026-06-13 13:03:08,3,2026-06-16,Tuesday,9:25 PM,2:10 AM,AMD,HYD,IndiGo,OM 103,285,1,103000,Typical,Best,5899
2026-06-13 13:03:08,3,2026-06-16,Tuesday,9:25 PM,2:10 AM,AMD,HYD,IndiGo,OM 103,285,1,103000,Typical,Cheapest,5899
2026-06-13 13:03:20,7,2026-06-20,Saturday,8:45 PM,3:10 AM,AMD,HYD,IndiGo,NQ 102,385,1,102000,Typical,Best,5963
2026-06-13 13:03:20,7,2026-06-20,Saturday,8:45 PM,3:10 AM,AMD,HYD,IndiGo,NQ 102,385,1,102000,Typical,Cheapest,5963
2026-06-13 13:03:33,14,2026-06-27,Saturday,6:30 AM,8:10 AM,AMD,HYD,IndiGo,,100,0,78000,Typical,Best,6189
2026-06-13 13:03:33,14,2026-06-27,Saturday,8:05 AM,1:20 PM,AMD,HYD,IndiGo,OM 118,315,1,118000,Typical,Cheapest,5963
2026-06-13 13:03:45,30,2026-07-13,Monday,6:20 AM,8:10 AM,AMD,HYD,IndiGo,,110,0,79000,Typical,Best,5784
2026-06-13 13:03:45,30,2026-07-13,Monday,1:15 AM,7:20 AM,AMD,HYD,IndiGo,OM 111,365,1,111000,Typical,Cheapest,5756
2026-06-13 13:03:58,60,2026-08-12,Wednesday,5:40 PM,8:30 PM,AMD,HYD,Star Air,DC 179,170,1,179000,High,Best,5500
2026-06-13 13:03:58,60,2026-08-12,Wednesday,5:40 PM,8:30 PM,AMD,HYD,Star Air,DC 179,170,1,179000,High,Cheapest,5500
2026-06-13 13:04:12,1,2026-06-14,Sunday,1:15 AM,6:05 AM,AMD,MAA,IndiGo,OM 132,290,1,132000,High,Best,7156
2026-06-13 13:04:12,1,2026-06-14,Sunday,1:15 AM,6:05 AM,AMD,MAA,IndiGo,OM 132,290,1,132000,High,Cheapest,7156
2026-06-13 13:04:29,3,2026-06-16,Tuesday,4:50 PM,7:15 PM,AMD,MAA,IndiGo,,145,0,101000,High,Best,7448
2026-06-13 13:04:29,3,2026-06-16,Tuesday,8:45 PM,5:25 AM,AMD,MAA,IndiGo,NQ 125,520,1,125000,High,Cheapest,7300
2026-06-13 13:04:45,7,2026-06-20,Saturday,4:50 PM,7:15 PM,AMD,MAA,IndiGo,,145,0,101000,High,Best,7310
2026-06-13 13:04:45,7,2026-06-20,Saturday,4:50 PM,7:15 PM,AMD,MAA,IndiGo,,145,0,101000,High,Cheapest,7310
2026-06-13 13:04:59,14,2026-06-27,Saturday,5:05 PM,9:30 PM,AMD,MAA,IndiGo,OM 132,265,1,132000,Typical,Best,6924
2026-06-13 13:04:59,14,2026-06-27,Saturday,8:30 AM,3:30 PM,AMD,MAA,IndiGo,YD 128,420,1,128000,Typical,Cheapest,6881
2026-06-13 13:05:15,30,2026-07-13,Monday,2:40 AM,7:20 AM,AMD,MAA,IndiGo,NQ 123,280,1,123000,High,Best,6611
2026-06-13 13:05:15,30,2026-07-13,Monday,2:40 AM,7:20 AM,AMD,MAA,IndiGo,NQ 123,280,1,123000,High,Cheapest,6611
2026-06-13 13:05:26,60,2026-08-12,Wednesday,6:50 AM,9:15 AM,AMD,MAA,IndiGo,,145,0,104000,High,Best,6573
2026-06-13 13:05:26,60,2026-08-12,Wednesday,6:50 AM,9:15 AM,AMD,MAA,IndiGo,,145,0,104000,High,Cheapest,6573
2026-06-13 13:05:42,1,2026-06-14,Sunday,10:00 PM,12:40 AM,AMD,CCU,IndiGo,,160,0,110000,High,Best,11976
2026-06-13 13:05:42,1,2026-06-14,Sunday,10:00 PM,12:40 AM,AMD,CCU,IndiGo,,160,0,110000,High,Cheapest,11976
2026-06-13 13:05:53,3,2026-06-16,Tuesday,5:10 PM,7:50 PM,AMD,CCU,IndiGo,,160,0,116000,High,Best,9233
2026-06-13 13:05:53,3,2026-06-16,Tuesday,5:10 PM,7:50 PM,AMD,CCU,IndiGo,,160,0,116000,High,Cheapest,9233
2026-06-13 13:06:07,7,2026-06-20,Saturday,10:00 PM,12:40 AM,AMD,CCU,IndiGo,,160,0,110000,High,Best,8147
2026-06-13 13:06:07,7,2026-06-20,Saturday,10:00 PM,12:40 AM,AMD,CCU,IndiGo,,160,0,110000,High,Cheapest,8147
2026-06-13 13:06:17,14,2026-06-27,Saturday,9:20 AM,12:00 PM,AMD,CCU,IndiGo,,160,0,110000,Typical,Best,7365
2026-06-13 13:06:17,14,2026-06-27,Saturday,9:20 AM,12:00 PM,AMD,CCU,IndiGo,,160,0,110000,Typical,Cheapest,7365
2026-06-13 13:06:30,30,2026-07-13,Monday,10:00 PM,12:40 AM,AMD,CCU,IndiGo,,160,0,112000,Typical,Best,6750
2026-06-13 13:06:30,30,2026-07-13,Monday,10:00 PM,12:40 AM,AMD,CCU,IndiGo,,160,0,112000,Typical,Cheapest,6750
2026-06-13 13:06:43,60,2026-08-12,Wednesday,10:00 PM,12:40 AM,AMD,CCU,IndiGo,,160,0,113000,High,Best,6750
2026-06-13 13:06:43,60,2026-08-12,Wednesday,10:00 PM,12:40 AM,AMD,CCU,IndiGo,,160,0,113000,High,Cheapest,6750
2026-06-13 13:06:54,1,2026-06-14,Sunday,2:40 AM,3:50 AM,AMD,PNQ,IndiGo,,70,0,53000,Typical,Best,3397
2026-06-13 13:06:54,1,2026-06-14,Sunday,2:40 AM,3:50 AM,AMD,PNQ,IndiGo,,70,0,53000,Typical,Cheapest,3397
2026-06-13 13:07:11,3,2026-06-16,Tuesday,2:40 AM,3:50 AM,AMD,PNQ,IndiGo,,70,0,53000,Typical,Best,3581
2026-06-13 13:07:11,3,2026-06-16,Tuesday,2:40 AM,3:50 AM,AMD,PNQ,IndiGo,,70,0,53000,Typical,Cheapest,3581
2026-06-13 13:07:26,7,2026-06-20,Saturday,2:40 AM,3:50 AM,AMD,PNQ,IndiGo,,70,0,53000,Low,Best,3397
2026-06-13 13:07:26,7,2026-06-20,Saturday,2:40 AM,3:50 AM,AMD,PNQ,IndiGo,,70,0,53000,Low,Cheapest,3397
2026-06-13 13:07:40,14,2026-06-27,Saturday,2:40 AM,3:50 AM,AMD,PNQ,IndiGo,,70,0,53000,Low,Best,3397
2026-06-13 13:07:40,14,2026-06-27,Saturday,2:40 AM,3:50 AM,AMD,PNQ,IndiGo,,70,0,53000,Low,Cheapest,3397
2026-06-13 13:07:58,30,2026-07-13,Monday,2:40 AM,3:50 AM,AMD,PNQ,IndiGo,,70,0,50000,Typical,Best,3397
2026-06-13 13:07:58,30,2026-07-13,Monday,2:40 AM,3:50 AM,AMD,PNQ,IndiGo,,70,0,50000,Typical,Cheapest,3397
2026-06-13 13:08:09,60,2026-08-12,Wednesday,2:40 AM,3:50 AM,AMD,PNQ,IndiGo,,70,0,50000,Typical,Best,3397
2026-06-13 13:08:09,60,2026-08-12,Wednesday,2:40 AM,3:50 AM,AMD,PNQ,IndiGo,,70,0,50000,Typical,Cheapest,3397
2026-06-13 13:08:21,1,2026-06-14,Sunday,4:15 PM,6:25 PM,AMD,STV,Star Air,GA 154,130,1,154000,Typical,Best,4039
2026-06-13 13:08:21,1,2026-06-14,Sunday,4:15 PM,6:25 PM,AMD,STV,Star Air,GA 154,130,1,154000,Typical,Cheapest,4039
2026-06-13 13:08:33,3,2026-06-16,Tuesday,4:15 PM,6:25 PM,AMD,STV,Star Air,GA 154,130,1,154000,Typical,Best,4039
2026-06-13 13:08:33,3,2026-06-16,Tuesday,4:15 PM,6:25 PM,AMD,STV,Star Air,GA 154,130,1,154000,Typical,Cheapest,4039
2026-06-13 13:08:44,7,2026-06-20,Saturday,4:15 PM,6:25 PM,AMD,STV,Star Air,GA 154,130,1,154000,Typical,Best,4039
2026-06-13 13:08:44,7,2026-06-20,Saturday,4:15 PM,6:25 PM,AMD,STV,Star Air,GA 154,130,1,154000,Typical,Cheapest,4039
2026-06-13 13:08:56,14,2026-06-27,Saturday,4:15 PM,6:25 PM,AMD,STV,Star Air,GA 154,130,1,154000,Typical,Best,4039
2026-06-13 13:08:56,14,2026-06-27,Saturday,4:15 PM,6:25 PM,AMD,STV,Star Air,GA 154,130,1,154000,Typical,Cheapest,4039
2026-06-13 13:09:05,30,2026-07-13,Monday,4:15 PM,6:25 PM,AMD,STV,Star Air,GA 154,130,1,154000,Typical,Best,4039
2026-06-13 13:09:05,30,2026-07-13,Monday,4:15 PM,6:25 PM,AMD,STV,Star Air,GA 154,130,1,154000,Typical,Cheapest,4039
2026-06-13 13:09:23,60,2026-08-12,Wednesday,4:15 PM,6:25 PM,AMD,STV,Star Air,GA 156,130,1,156000,Typical,Best,4039
2026-06-13 13:09:23,60,2026-08-12,Wednesday,4:15 PM,6:25 PM,AMD,STV,Star Air,GA 156,130,1,156000,Typical,Cheapest,4039
2026-06-13 13:09:38,1,2026-06-14,Sunday,8:55 AM,8:00 PM,AMD,VTZ,IndiGo,MI 127,665,1,127000,High,Best,10239
2026-06-13 13:09:38,1,2026-06-14,Sunday,8:55 AM,8:00 PM,AMD,VTZ,IndiGo,MI 127,665,1,127000,High,Cheapest,10239
2026-06-13 13:09:51,3,2026-06-16,Tuesday,6:30 AM,2:25 PM,AMD,VTZ,IndiGo,YD 127,475,1,127000,High,Best,10098
2026-06-13 13:09:51,3,2026-06-16,Tuesday,6:30 AM,2:25 PM,AMD,VTZ,IndiGo,YD 127,475,1,127000,High,Cheapest,10098
2026-06-13 13:10:06,7,2026-06-20,Saturday,2:00 PM,8:00 PM,AMD,VTZ,IndiGo,MI 131,360,1,131000,High,Best,9905
2026-06-13 13:10:06,7,2026-06-20,Saturday,2:00 PM,8:00 PM,AMD,VTZ,IndiGo,MI 131,360,1,131000,High,Cheapest,9905
2026-06-13 13:10:22,14,2026-06-27,Saturday,8:30 AM,2:25 PM,AMD,VTZ,IndiGo,YD 127,355,1,127000,High,Best,9953
2026-06-13 13:10:22,14,2026-06-27,Saturday,2:00 PM,8:00 PM,AMD,VTZ,IndiGo,MI 131,360,1,131000,High,Cheapest,9674
2026-06-13 13:10:37,30,2026-07-13,Monday,8:30 AM,2:25 PM,AMD,VTZ,IndiGo,YD 129,355,1,129000,Typical,Best,8737
2026-06-13 13:10:37,30,2026-07-13,Monday,6:20 AM,2:25 PM,AMD,VTZ,IndiGo,YD 129,485,1,129000,Typical,Cheapest,8622
2026-06-13 13:10:49,60,2026-08-12,Wednesday,6:20 AM,12:30 PM,AMD,VTZ,IndiGo,YD 135,370,1,135000,High,Best,8575
2026-06-13 13:10:49,60,2026-08-12,Wednesday,6:20 AM,12:30 PM,AMD,VTZ,IndiGo,YD 135,370,1,135000,High,Cheapest,8575
2026-06-13 13:11:01,1,2026-06-14,Sunday,7:45 AM,9:35 AM,AMD,JAI,IndiGo,,110,0,50000,Typical,Best,6556
2026-06-13 13:11:01,1,2026-06-14,Sunday,7:45 AM,9:35 AM,AMD,JAI,IndiGo,,110,0,50000,Typical,Cheapest,6556
2026-06-13 13:11:12,3,2026-06-16,Tuesday,12:05 AM,6:15 AM,AMD,JAI,IndiGo,EL 95,370,1,95000,Typical,Best,6542
2026-06-13 13:11:12,3,2026-06-16,Tuesday,12:05 AM,6:15 AM,AMD,JAI,IndiGo,EL 95,370,1,95000,Typical,Cheapest,6542
2026-06-13 13:11:24,7,2026-06-20,Saturday,9:05 PM,10:45 PM,AMD,JAI,IndiGo,,100,0,50000,Typical,Best,6412
2026-06-13 13:11:24,7,2026-06-20,Saturday,9:50 PM,6:15 AM,AMD,JAI,IndiGo,EL 95,505,1,95000,Typical,Cheapest,6375
2026-06-13 13:11:41,14,2026-06-27,Saturday,9:05 PM,10:45 PM,AMD,JAI,IndiGo,,100,0,50000,Typical,Best,6296
2026-06-13 13:11:41,14,2026-06-27,Saturday,9:05 PM,10:45 PM,AMD,JAI,IndiGo,,100,0,50000,Typical,Cheapest,6296
2026-06-13 13:11:57,30,2026-07-13,Monday,6:15 AM,8:00 AM,AMD,JAI,IndiGo,,105,0,50000,Typical,Best,5964
2026-06-13 13:11:57,30,2026-07-13,Monday,12:05 AM,8:40 AM,AMD,JAI,IndiGo,EL 100,515,1,100000,Typical,Cheapest,5809
2026-06-13 13:12:14,60,2026-08-12,Wednesday,5:05 PM,9:10 PM,AMD,JAI,IndiGo,EL 98,245,1,98000,High,Best,5809
2026-06-13 13:12:14,60,2026-08-12,Wednesday,5:05 PM,9:10 PM,AMD,JAI,IndiGo,EL 98,245,1,98000,High,Cheapest,5809
2026-06-13 13:12:27,1,2026-06-14,Sunday,4:20 AM,9:25 AM,AMD,COK,IndiGo,LR 139,305,1,139000,High,Best,9275
2026-06-13 13:12:27,1,2026-06-14,Sunday,8:45 PM,4:50 AM,AMD,COK,IndiGo,NQ 131,485,1,131000,High,Cheapest,9089
2026-06-13 13:12:39,3,2026-06-16,Tuesday,1:15 AM,7:30 AM,AMD,COK,IndiGo,OM 130,375,1,130000,Typical,Best,8047
2026-06-13 13:12:39,3,2026-06-16,Tuesday,1:15 AM,7:30 AM,AMD,COK,IndiGo,OM 130,375,1,130000,Typical,Cheapest,8047
2026-06-13 13:12:54,7,2026-06-20,Saturday,1:15 AM,7:30 AM,AMD,COK,IndiGo,OM 130,375,1,130000,Typical,Best,8234
2026-06-13 13:12:54,7,2026-06-20,Saturday,8:30 AM,5:45 PM,AMD,COK,IndiGo,YD 144,555,1,144000,Typical,Cheapest,8191
2026-06-13 13:13:07,14,2026-06-27,Saturday,8:05 AM,2:25 PM,AMD,COK,IndiGo,OM 138,380,1,138000,High,Best,8504
2026-06-13 13:13:07,14,2026-06-27,Saturday,8:45 PM,4:50 AM,AMD,COK,IndiGo,NQ 131,485,1,131000,High,Cheapest,8452
2026-06-13 13:13:26,30,2026-07-13,Monday,8:20 AM,2:00 PM,AMD,COK,IndiGo,LR 139,340,1,139000,Typical,Best,7535
2026-06-13 13:13:26,30,2026-07-13,Monday,8:20 AM,2:00 PM,AMD,COK,IndiGo,LR 139,340,1,139000,Typical,Cheapest,7535
2026-06-13 13:13:42,60,2026-08-12,Wednesday,8:20 AM,2:00 PM,AMD,COK,IndiGo,LR 141,340,1,141000,Typical,Best,7676
2026-06-13 13:13:42,60,2026-08-12,Wednesday,8:20 AM,2:00 PM,AMD,COK,IndiGo,LR 141,340,1,141000,Typical,Cheapest,7676
2026-06-13 13:13:55,1,2026-06-14,Sunday,3:40 PM,8:45 PM,AMD,IXC,IndiGo,AI 95,305,1,95000,High,Best,7682
2026-06-13 13:13:55,1,2026-06-14,Sunday,3:40 PM,8:45 PM,AMD,IXC,IndiGo,AI 95,305,1,95000,High,Cheapest,7682
2026-06-13 13:14:09,3,2026-06-16,Tuesday,9:35 PM,11:30 PM,AMD,IXC,IndiGo,,115,0,79000,High,Best,7010
2026-06-13 13:14:09,3,2026-06-16,Tuesday,9:35 PM,11:30 PM,AMD,IXC,IndiGo,,115,0,79000,High,Cheapest,7010
2026-06-13 13:14:22,7,2026-06-20,Saturday,11:35 AM,1:20 PM,AMD,IXC,IndiGo,,105,0,79000,High,Best,7992
2026-06-13 13:14:22,7,2026-06-20,Saturday,12:05 AM,9:10 AM,AMD,IXC,IndiGo,EL 98,545,1,98000,High,Cheapest,7317
2026-06-13 13:14:32,14,2026-06-27,Saturday,9:35 PM,11:30 PM,AMD,IXC,IndiGo,,115,0,79000,Typical,Best,6508
2026-06-13 13:14:32,14,2026-06-27,Saturday,9:35 PM,11:30 PM,AMD,IXC,IndiGo,,115,0,79000,Typical,Cheapest,6508
2026-06-13 13:14:48,30,2026-07-13,Monday,11:35 AM,1:20 PM,AMD,IXC,IndiGo,,105,0,81000,Typical,Best,6375
2026-06-13 13:14:48,30,2026-07-13,Monday,12:05 AM,9:10 AM,AMD,IXC,IndiGo,EL 99,545,1,99000,Typical,Cheapest,6260
2026-06-13 13:14:58,60,2026-08-12,Wednesday,11:35 AM,1:20 PM,AMD,IXC,IndiGo,,105,0,82000,Typical,Best,6230
2026-06-13 13:14:58,60,2026-08-12,Wednesday,11:35 AM,1:20 PM,AMD,IXC,IndiGo,,105,0,82000,Typical,Cheapest,6230
2026-06-13 13:15:14,1,2026-06-14,Sunday,1:15 AM,8:30 AM,AMD,IDR,IndiGo,OM 107,435,1,107000,Typical,Best,4446
2026-06-13 13:15:14,1,2026-06-14,Sunday,1:15 AM,8:30 AM,AMD,IDR,IndiGo,OM 107,435,1,107000,Typical,Cheapest,4446
2026-06-13 13:15:31,3,2026-06-16,Tuesday,8:05 AM,3:00 PM,AMD,IDR,IndiGo,OM 115,415,1,115000,High,Best,5120
2026-06-13 13:15:31,3,2026-06-16,Tuesday,8:05 AM,3:00 PM,AMD,IDR,IndiGo,OM 115,415,1,115000,High,Cheapest,5120
2026-06-13 13:15:41,7,2026-06-20,Saturday,9:00 AM,3:00 PM,AMD,IDR,IndiGo,OM 107,360,1,107000,High,Best,5120
2026-06-13 13:15:41,7,2026-06-20,Saturday,9:00 AM,3:00 PM,AMD,IDR,IndiGo,OM 107,360,1,107000,High,Cheapest,5120
2026-06-13 13:15:56,14,2026-06-27,Saturday,6:55 AM,8:10 AM,AMD,IDR,IndiGo,,75,0,37000,Typical,Best,4330
2026-06-13 13:15:56,14,2026-06-27,Saturday,6:55 AM,8:10 AM,AMD,IDR,IndiGo,,75,0,37000,Typical,Cheapest,4330
2026-06-13 13:16:13,30,2026-07-13,Monday,6:55 AM,8:10 AM,AMD,IDR,IndiGo,,75,0,37000,Typical,Best,3868
2026-06-13 13:16:13,30,2026-07-13,Monday,6:55 AM,8:10 AM,AMD,IDR,IndiGo,,75,0,37000,Typical,Cheapest,3868
2026-06-13 13:16:27,60,2026-08-12,Wednesday,6:55 AM,8:10 AM,AMD,IDR,IndiGo,,75,0,38000,Typical,Best,3637
2026-06-13 13:16:27,60,2026-08-12,Wednesday,6:55 AM,8:10 AM,AMD,IDR,IndiGo,,75,0,38000,Typical,Cheapest,3637
2026-06-13 13:16:42,1,2026-06-14,Sunday,12:05 AM,11:05 AM,AMD,LKO,IndiGo,EL 112,660,1,112000,High,Best,7334
2026-06-13 13:16:42,1,2026-06-14,Sunday,12:05 AM,11:05 AM,AMD,LKO,IndiGo,EL 112,660,1,112000,High,Cheapest,7334
2026-06-13 13:16:53,3,2026-06-16,Tuesday,8:15 AM,10:05 AM,AMD,LKO,IndiGo,,110,0,81000,High,Best,7119
2026-06-13 13:16:53,3,2026-06-16,Tuesday,8:15 AM,10:05 AM,AMD,LKO,IndiGo,,110,0,81000,High,Cheapest,7119
2026-06-13 13:17:05,7,2026-06-20,Saturday,8:15 AM,10:05 AM,AMD,LKO,IndiGo,,110,0,81000,High,Best,7003
2026-06-13 13:17:05,7,2026-06-20,Saturday,8:15 AM,10:05 AM,AMD,LKO,IndiGo,,110,0,81000,High,Cheapest,7003
2026-06-13 13:17:20,14,2026-06-27,Saturday,9:50 AM,2:30 PM,AMD,LKO,IndiGo,EL 112,280,1,112000,Typical,Best,6832
2026-06-13 13:17:20,14,2026-06-27,Saturday,9:50 AM,2:30 PM,AMD,LKO,IndiGo,EL 112,280,1,112000,Typical,Cheapest,6832
2026-06-13 13:17:35,30,2026-07-13,Monday,8:15 AM,10:05 AM,AMD,LKO,IndiGo,,110,0,82000,Typical,Best,6463
2026-06-13 13:17:35,30,2026-07-13,Monday,8:15 AM,10:05 AM,AMD,LKO,IndiGo,,110,0,82000,Typical,Cheapest,6463
2026-06-13 13:17:49,60,2026-08-12,Wednesday,12:05 AM,8:30 AM,AMD,LKO,IndiGo,EL 116,505,1,116000,High,Best,6440
2026-06-13 13:17:49,60,2026-08-12,Wednesday,12:05 AM,8:30 AM,AMD,LKO,IndiGo,EL 116,505,1,116000,High,Cheapest,6440
2026-06-13 13:18:01,1,2026-06-14,Sunday,7:15 AM,2:25 PM,STV,BOM,"Air India Express, Air India",EL 185,430,1,185000,,Best,
2026-06-13 13:18:01,1,2026-06-14,Sunday,7:15 AM,2:25 PM,STV,BOM,"Air India Express, Air India",EL 185,430,1,185000,,Cheapest,
2026-06-13 13:18:14,3,2026-06-16,Tuesday,7:15 AM,4:10 PM,STV,BOM,"Air India Express, Air India",TQ 279,535,2,279000,,Best,
2026-06-13 13:18:14,3,2026-06-16,Tuesday,7:15 AM,4:10 PM,STV,BOM,"Air India Express, Air India",TQ 279,535,2,279000,,Cheapest,
2026-06-13 13:18:27,7,2026-06-20,Saturday,7:15 AM,4:10 PM,STV,BOM,"Air India Express, Air India",TQ 279,535,2,279000,,Best,
2026-06-13 13:18:27,7,2026-06-20,Saturday,7:15 AM,4:10 PM,STV,BOM,"Air India Express, Air India",TQ 279,535,2,279000,,Cheapest,
2026-06-13 13:18:44,14,2026-06-27,Saturday,7:15 AM,4:10 PM,STV,BOM,"Air India Express, Air India",TQ 279,535,2,279000,,Best,
2026-06-13 13:18:44,14,2026-06-27,Saturday,7:15 AM,4:10 PM,STV,BOM,"Air India Express, Air India",TQ 279,535,2,279000,,Cheapest,
2026-06-13 13:18:54,30,2026-07-13,Monday,11:20 AM,10:25 PM,STV,BOM,"Air India Express, Air India",OK 363,665,2,363000,,Best,
2026-06-13 13:18:54,30,2026-07-13,Monday,11:20 AM,10:25 PM,STV,BOM,"Air India Express, Air India",OK 363,665,2,363000,,Cheapest,
2026-06-13 13:19:10,60,2026-08-12,Wednesday,7:15 AM,4:10 PM,STV,BOM,"Air India Express, Air India",TQ 322,535,2,322000,,Best,
2026-06-13 13:19:10,60,2026-08-12,Wednesday,7:15 AM,4:10 PM,STV,BOM,"Air India Express, Air India",TQ 322,535,2,322000,,Cheapest,
2026-06-13 13:19:22,1,2026-06-14,Sunday,9:35 PM,11:35 PM,STV,DEL,Air India Express,,120,0,102000,Typical,Best,6677
2026-06-13 13:19:22,1,2026-06-14,Sunday,9:35 PM,11:35 PM,STV,DEL,Air India Express,,120,0,102000,Typical,Cheapest,6677
2026-06-13 13:19:36,3,2026-06-16,Tuesday,5:40 PM,7:30 PM,STV,DEL,IndiGo,,110,0,74000,High,Best,6944
2026-06-13 13:19:36,3,2026-06-16,Tuesday,4:20 PM,11:25 PM,STV,DEL,IndiGo,AI 94,425,1,94000,High,Cheapest,6622
2026-06-13 13:19:47,7,2026-06-20,Saturday,7:15 AM,9:05 AM,STV,DEL,Air India Express,,110,0,84000,High,Best,6894
2026-06-13 13:19:47,7,2026-06-20,Saturday,9:35 PM,11:35 PM,STV,DEL,Air India Express,,120,0,102000,High,Cheapest,6824
2026-06-13 13:20:01,14,2026-06-27,Saturday,7:15 AM,9:05 AM,STV,DEL,Air India Express,,110,0,84000,High,Best,6768
2026-06-13 13:20:01,14,2026-06-27,Saturday,4:20 PM,11:25 PM,STV,DEL,IndiGo,AI 94,425,1,94000,High,Cheapest,6730
2026-06-13 13:20:17,30,2026-07-13,Monday,10:30 PM,12:20 AM,STV,DEL,IndiGo,,110,0,93000,Typical,Best,6394
2026-06-13 13:20:17,30,2026-07-13,Monday,10:30 PM,12:20 AM,STV,DEL,IndiGo,,110,0,93000,Typical,Cheapest,6394
2026-06-13 13:20:33,60,2026-08-12,Wednesday,5:40 PM,7:30 PM,STV,DEL,IndiGo,,110,0,76000,High,Best,6526
2026-06-13 13:20:33,60,2026-08-12,Wednesday,4:20 PM,11:25 PM,STV,DEL,IndiGo,AI 97,425,1,97000,High,Cheapest,6475
2026-06-13 13:20:48,1,2026-06-14,Sunday,7:05 PM,9:05 PM,STV,BLR,IndiGo,,120,0,80000,Typical,Best,6840
2026-06-13 13:20:48,1,2026-06-14,Sunday,7:05 PM,9:05 PM,STV,BLR,IndiGo,,120,0,80000,Typical,Cheapest,6840
2026-06-13 13:21:03,3,2026-06-16,Tuesday,7:05 PM,9:05 PM,STV,BLR,IndiGo,,120,0,99000,High,Best,8185
2026-06-13 13:21:03,3,2026-06-16,Tuesday,7:05 PM,9:05 PM,STV,BLR,IndiGo,,120,0,99000,High,Cheapest,8185
2026-06-13 13:21:16,7,2026-06-20,Saturday,3:20 PM,8:55 PM,STV,BLR,IndiGo,OI 117,335,1,117000,Typical,Best,6714
2026-06-13 13:21:16,7,2026-06-20,Saturday,3:20 PM,8:55 PM,STV,BLR,IndiGo,OI 117,335,1,117000,Typical,Cheapest,6714
2026-06-13 13:21:28,14,2026-06-27,Saturday,7:05 PM,9:05 PM,STV,BLR,IndiGo,,120,0,99000,Typical,Best,6840
2026-06-13 13:21:28,14,2026-06-27,Saturday,7:05 PM,9:05 PM,STV,BLR,IndiGo,,120,0,99000,Typical,Cheapest,6840
2026-06-13 13:21:43,30,2026-07-13,Monday,3:20 PM,8:55 PM,STV,BLR,IndiGo,OI 105,335,1,105000,High,Best,7043
2026-06-13 13:21:43,30,2026-07-13,Monday,3:20 PM,8:55 PM,STV,BLR,IndiGo,OI 105,335,1,105000,High,Cheapest,7043
2026-06-13 13:21:56,60,2026-08-12,Wednesday,12:20 PM,4:20 PM,STV,BLR,IndiGo,NQ 105,240,1,105000,High,Best,6791
2026-06-13 13:21:56,60,2026-08-12,Wednesday,12:20 PM,4:20 PM,STV,BLR,IndiGo,NQ 105,240,1,105000,High,Cheapest,6791
2026-06-13 13:22:07,1,2026-06-14,Sunday,7:45 PM,9:30 PM,STV,HYD,IndiGo,,105,0,72000,High,Best,8386
2026-06-13 13:22:07,1,2026-06-14,Sunday,7:45 PM,9:30 PM,STV,HYD,IndiGo,,105,0,72000,High,Cheapest,8386
2026-06-13 13:22:17,3,2026-06-16,Tuesday,8:15 AM,10:05 AM,STV,HYD,IndiGo,,110,0,72000,High,Best,8155
2026-06-13 13:22:17,3,2026-06-16,Tuesday,8:15 AM,10:05 AM,STV,HYD,IndiGo,,110,0,72000,High,Cheapest,8155
2026-06-13 13:22:32,7,2026-06-20,Saturday,7:45 PM,9:30 PM,STV,HYD,IndiGo,,105,0,72000,High,Best,7609
2026-06-13 13:22:32,7,2026-06-20,Saturday,7:45 PM,9:30 PM,STV,HYD,IndiGo,,105,0,72000,High,Cheapest,7609
2026-06-13 13:22:46,14,2026-06-27,Saturday,7:45 PM,9:30 PM,STV,HYD,IndiGo,,105,0,72000,High,Best,7436
2026-06-13 13:22:46,14,2026-06-27,Saturday,7:45 PM,9:30 PM,STV,HYD,IndiGo,,105,0,72000,High,Cheapest,7436
2026-06-13 13:23:01,30,2026-07-13,Monday,8:15 AM,10:05 AM,STV,HYD,IndiGo,,110,0,73000,Typical,Best,6254
2026-06-13 13:23:01,30,2026-07-13,Monday,8:15 AM,10:05 AM,STV,HYD,IndiGo,,110,0,73000,Typical,Cheapest,6254
2026-06-13 13:23:15,60,2026-08-12,Wednesday,12:20 PM,4:05 PM,STV,HYD,IndiGo,NQ 92,225,1,92000,High,Best,5846
2026-06-13 13:23:15,60,2026-08-12,Wednesday,12:20 PM,4:05 PM,STV,HYD,IndiGo,NQ 92,225,1,92000,High,Cheapest,5846
2026-06-13 13:23:27,1,2026-06-14,Sunday,4:00 PM,6:00 PM,STV,MAA,IndiGo,,120,0,90000,Typical,Best,9170
2026-06-13 13:23:27,1,2026-06-14,Sunday,8:40 AM,7:15 PM,STV,MAA,IndiGo,LR 119,635,1,119000,Typical,Cheapest,8324
2026-06-13 13:23:37,3,2026-06-16,Tuesday,8:15 AM,3:30 PM,STV,MAA,IndiGo,YD 122,435,1,122000,High,Best,10720
2026-06-13 13:23:37,3,2026-06-16,Tuesday,8:15 AM,3:30 PM,STV,MAA,IndiGo,YD 122,435,1,122000,High,Cheapest,10720
2026-06-13 13:23:52,7,2026-06-20,Saturday,7:15 AM,7:10 PM,STV,MAA,"Air India Express, Air India",EL 250,715,1,250000,,Best,
2026-06-13 13:23:52,7,2026-06-20,Saturday,7:15 AM,7:10 PM,STV,MAA,"Air India Express, Air India",EL 250,715,1,250000,,Cheapest,
2026-06-13 13:24:06,14,2026-06-27,Saturday,7:15 AM,7:10 PM,STV,MAA,"Air India Express, Air India",EL 250,715,1,250000,,Best,
2026-06-13 13:24:06,14,2026-06-27,Saturday,7:15 AM,7:10 PM,STV,MAA,"Air India Express, Air India",EL 250,715,1,250000,,Cheapest,
2026-06-13 13:24:16,30,2026-07-13,Monday,8:15 AM,3:30 PM,STV,MAA,IndiGo,YD 128,435,1,128000,Typical,Best,7924
2026-06-13 13:24:16,30,2026-07-13,Monday,8:15 AM,3:30 PM,STV,MAA,IndiGo,YD 128,435,1,128000,Typical,Cheapest,7924
2026-06-13 13:24:32,60,2026-08-12,Wednesday,4:00 PM,6:00 PM,STV,MAA,IndiGo,,120,0,93000,High,Best,7241
2026-06-13 13:24:32,60,2026-08-12,Wednesday,4:00 PM,6:00 PM,STV,MAA,IndiGo,,120,0,93000,High,Cheapest,7241
2026-06-13 13:24:44,1,2026-06-14,Sunday,12:20 PM,8:10 PM,STV,CCU,IndiGo,NQ 153,470,1,153000,High,Best,11642
2026-06-13 13:24:44,1,2026-06-14,Sunday,12:20 PM,8:10 PM,STV,CCU,IndiGo,NQ 153,470,1,153000,High,Cheapest,11642
2026-06-13 13:25:01,3,2026-06-16,Tuesday,4:20 PM,8:30 PM,STV,CCU,IndiGo,AI 157,250,1,157000,High,Best,11628
2026-06-13 13:25:01,3,2026-06-16,Tuesday,4:20 PM,8:30 PM,STV,CCU,IndiGo,AI 157,250,1,157000,High,Cheapest,11628
2026-06-13 13:25:17,7,2026-06-20,Saturday,4:20 PM,8:30 PM,STV,CCU,IndiGo,AI 157,250,1,157000,High,Best,11873
2026-06-13 13:25:17,7,2026-06-20,Saturday,4:20 PM,8:30 PM,STV,CCU,IndiGo,AI 157,250,1,157000,High,Cheapest,11873
2026-06-13 13:25:30,14,2026-06-27,Saturday,5:20 PM,8:00 PM,STV,CCU,IndiGo,,160,0,119000,High,Best,11506
2026-06-13 13:25:30,14,2026-06-27,Saturday,5:20 PM,8:00 PM,STV,CCU,IndiGo,,160,0,119000,High,Cheapest,11506
2026-06-13 13:25:46,30,2026-07-13,Monday,8:15 AM,2:10 PM,STV,CCU,IndiGo,YD 165,355,1,165000,Typical,Best,8875
2026-06-13 13:25:46,30,2026-07-13,Monday,8:15 AM,2:10 PM,STV,CCU,IndiGo,YD 165,355,1,165000,Typical,Cheapest,8875
2026-06-13 13:26:01,60,2026-08-12,Wednesday,4:20 PM,8:30 PM,STV,CCU,IndiGo,AI 161,250,1,161000,High,Best,8985
2026-06-13 13:26:01,60,2026-08-12,Wednesday,4:20 PM,8:30 PM,STV,CCU,IndiGo,AI 161,250,1,161000,High,Cheapest,8985
2026-06-13 13:27:37,7,2026-06-20,Saturday,7:45 PM,2:20 AM,STV,PNQ,IndiGo,YD 119,395,1,119000,High,Best,7597
2026-06-13 13:27:37,7,2026-06-20,Saturday,7:45 PM,2:20 AM,STV,PNQ,IndiGo,YD 119,395,1,119000,High,Cheapest,7597
2026-06-13 13:27:49,14,2026-06-27,Saturday,7:45 PM,2:20 AM,STV,PNQ,IndiGo,YD 119,395,1,119000,High,Best,7453
2026-06-13 13:27:49,14,2026-06-27,Saturday,7:45 PM,2:20 AM,STV,PNQ,IndiGo,YD 119,395,1,119000,High,Cheapest,7453
2026-06-13 13:28:05,30,2026-07-13,Monday,8:15 AM,1:55 PM,STV,PNQ,IndiGo,YD 125,340,1,125000,High,Best,6849
2026-06-13 13:28:05,30,2026-07-13,Monday,8:15 AM,1:55 PM,STV,PNQ,IndiGo,YD 125,340,1,125000,High,Cheapest,6849
2026-06-13 13:28:16,60,2026-08-12,Wednesday,12:20 PM,1:20 PM,STV,PNQ,IndiGo,,60,0,37000,Typical,Best,4194
2026-06-13 13:28:16,60,2026-08-12,Wednesday,12:20 PM,1:20 PM,STV,PNQ,IndiGo,,60,0,37000,Typical,Cheapest,4194
2026-06-13 13:28:33,1,2026-06-14,Sunday,6:55 PM,9:05 PM,STV,AMD,Star Air,GA 154,130,1,154000,Typical,Best,4039
2026-06-13 13:28:33,1,2026-06-14,Sunday,6:55 PM,9:05 PM,STV,AMD,Star Air,GA 154,130,1,154000,Typical,Cheapest,4039
2026-06-13 13:28:50,3,2026-06-16,Tuesday,6:55 PM,9:05 PM,STV,AMD,Star Air,GA 154,130,1,154000,,Best,4039
2026-06-13 13:28:50,3,2026-06-16,Tuesday,6:55 PM,9:05 PM,STV,AMD,Star Air,GA 154,130,1,154000,,Cheapest,4039
2026-06-13 13:29:01,7,2026-06-20,Saturday,6:55 PM,9:05 PM,STV,AMD,Star Air,GA 154,130,1,154000,,Best,4039
2026-06-13 13:29:01,7,2026-06-20,Saturday,6:55 PM,9:05 PM,STV,AMD,Star Air,GA 154,130,1,154000,,Cheapest,4039
2026-06-13 13:29:15,14,2026-06-27,Saturday,6:55 PM,9:05 PM,STV,AMD,Star Air,GA 154,130,1,154000,,Best,4039
2026-06-13 13:29:15,14,2026-06-27,Saturday,6:55 PM,9:05 PM,STV,AMD,Star Air,GA 154,130,1,154000,,Cheapest,4039
2026-06-13 13:29:25,30,2026-07-13,Monday,6:55 PM,9:05 PM,STV,AMD,Star Air,GA 154,130,1,154000,Typical,Best,4039
2026-06-13 13:29:25,30,2026-07-13,Monday,6:55 PM,9:05 PM,STV,AMD,Star Air,GA 154,130,1,154000,Typical,Cheapest,4039
2026-06-13 13:29:42,60,2026-08-12,Wednesday,6:55 PM,9:05 PM,STV,AMD,Star Air,GA 156,130,1,156000,Typical,Best,4039
2026-06-13 13:29:42,60,2026-08-12,Wednesday,6:55 PM,9:05 PM,STV,AMD,Star Air,GA 156,130,1,156000,Typical,Cheapest,4039
2026-06-13 13:33:13,60,2026-08-12,Wednesday,7:15 AM,4:05 PM,STV,VTZ,"Air India Express, Air India",EL 242,530,1,242000,,Best,
2026-06-13 13:33:13,60,2026-08-12,Wednesday,7:15 AM,4:05 PM,STV,VTZ,"Air India Express, Air India",EL 242,530,1,242000,,Cheapest,
2026-06-13 13:33:26,1,2026-06-14,Sunday,4:20 PM,5:40 PM,STV,JAI,IndiGo,,80,0,60000,Typical,Best,5749
2026-06-13 13:33:26,1,2026-06-14,Sunday,4:20 PM,5:40 PM,STV,JAI,IndiGo,,80,0,60000,Typical,Cheapest,5749
2026-06-13 13:33:42,3,2026-06-16,Tuesday,4:20 PM,5:40 PM,STV,JAI,IndiGo,,80,0,60000,High,Best,5920
2026-06-13 13:33:42,3,2026-06-16,Tuesday,4:20 PM,5:40 PM,STV,JAI,IndiGo,,80,0,60000,High,Cheapest,5920
2026-06-13 13:33:57,7,2026-06-20,Saturday,4:20 PM,5:40 PM,STV,JAI,IndiGo,,80,0,60000,Typical,Best,5689
2026-06-13 13:33:57,7,2026-06-20,Saturday,4:20 PM,5:40 PM,STV,JAI,IndiGo,,80,0,60000,Typical,Cheapest,5689
2026-06-13 13:34:07,14,2026-06-27,Saturday,4:20 PM,5:40 PM,STV,JAI,IndiGo,,80,0,60000,High,Best,5863
2026-06-13 13:34:07,14,2026-06-27,Saturday,4:20 PM,5:40 PM,STV,JAI,IndiGo,,80,0,60000,High,Cheapest,5863
2026-06-13 13:34:25,30,2026-07-13,Monday,4:20 PM,5:40 PM,STV,JAI,IndiGo,,80,0,61000,Typical,Best,5343
2026-06-13 13:34:25,30,2026-07-13,Monday,4:20 PM,5:40 PM,STV,JAI,IndiGo,,80,0,61000,Typical,Cheapest,5343
2026-06-13 13:34:39,60,2026-08-12,Wednesday,4:20 PM,5:40 PM,STV,JAI,IndiGo,,80,0,61000,High,Best,5651
2026-06-13 13:34:39,60,2026-08-12,Wednesday,4:20 PM,5:40 PM,STV,JAI,IndiGo,,80,0,61000,High,Cheapest,5651
2026-06-13 13:34:53,1,2026-06-14,Sunday,3:20 PM,8:20 PM,STV,COK,IndiGo,OI 112,300,1,112000,High,Best,10157
2026-06-13 13:34:53,1,2026-06-14,Sunday,3:20 PM,8:20 PM,STV,COK,IndiGo,OI 112,300,1,112000,High,Cheapest,10157
2026-06-13 13:35:06,3,2026-06-16,Tuesday,3:20 PM,8:20 PM,STV,COK,IndiGo,OI 127,300,1,127000,High,Best,10216
2026-06-13 13:35:06,3,2026-06-16,Tuesday,3:20 PM,8:20 PM,STV,COK,IndiGo,OI 127,300,1,127000,High,Cheapest,10216
2026-06-13 13:35:20,7,2026-06-20,Saturday,3:20 PM,8:20 PM,STV,COK,IndiGo,OI 131,300,1,131000,Typical,Best,8371
2026-06-13 13:35:20,7,2026-06-20,Saturday,3:20 PM,8:20 PM,STV,COK,IndiGo,OI 131,300,1,131000,Typical,Cheapest,8371
2026-06-13 13:35:34,14,2026-06-27,Saturday,3:20 PM,8:20 PM,STV,COK,IndiGo,OI 131,300,1,131000,High,Best,9496
2026-06-13 13:35:34,14,2026-06-27,Saturday,3:20 PM,8:20 PM,STV,COK,IndiGo,OI 131,300,1,131000,High,Cheapest,9496
2026-06-13 13:35:47,30,2026-07-13,Monday,8:15 AM,3:35 PM,STV,COK,IndiGo,YD 145,440,1,145000,High,Best,9444
2026-06-13 13:35:47,30,2026-07-13,Monday,8:15 AM,3:35 PM,STV,COK,IndiGo,YD 145,440,1,145000,High,Cheapest,9444
2026-06-13 13:36:40,1,2026-06-14,Sunday,10:30 PM,9:10 AM,STV,IXC,IndiGo,EL 113,640,1,113000,High,Best,10727
2026-06-13 13:36:40,1,2026-06-14,Sunday,10:30 PM,9:10 AM,STV,IXC,IndiGo,EL 113,640,1,113000,High,Cheapest,10727
2026-06-13 13:36:52,3,2026-06-16,Tuesday,10:30 PM,9:10 AM,STV,IXC,IndiGo,EL 113,640,1,113000,High,Best,10578
2026-06-13 13:36:52,3,2026-06-16,Tuesday,10:30 PM,9:10 AM,STV,IXC,IndiGo,EL 113,640,1,113000,High,Cheapest,10578
2026-06-13 13:37:06,7,2026-06-20,Saturday,8:30 AM,6:45 PM,STV,IXC,IndiGo,EL 111,615,1,111000,High,Best,10308
2026-06-13 13:37:06,7,2026-06-20,Saturday,8:30 AM,6:45 PM,STV,IXC,IndiGo,EL 111,615,1,111000,High,Cheapest,10308
2026-06-13 13:37:16,14,2026-06-27,Saturday,8:30 AM,6:45 PM,STV,IXC,IndiGo,EL 111,615,1,111000,High,Best,9373
2026-06-13 13:37:16,14,2026-06-27,Saturday,8:30 AM,6:45 PM,STV,IXC,IndiGo,EL 111,615,1,111000,High,Cheapest,9373
2026-06-13 13:37:30,30,2026-07-13,Monday,4:20 PM,8:45 PM,STV,IXC,IndiGo,AI 106,265,1,106000,Typical,Best,7799
2026-06-13 13:37:30,30,2026-07-13,Monday,4:20 PM,8:45 PM,STV,IXC,IndiGo,AI 106,265,1,106000,Typical,Cheapest,7799
2026-06-13 13:37:45,60,2026-08-12,Wednesday,4:20 PM,8:45 PM,STV,IXC,IndiGo,AI 108,265,1,108000,Typical,Best,7951
2026-06-13 13:37:45,60,2026-08-12,Wednesday,4:20 PM,8:45 PM,STV,IXC,IndiGo,AI 108,265,1,108000,Typical,Cheapest,7951
2026-06-13 13:37:59,1,2026-06-14,Sunday,7:15 AM,7:10 PM,STV,IDR,"Air India Express, Air India",OM 337,715,3,337000,,Best,
2026-06-13 13:37:59,1,2026-06-14,Sunday,7:15 AM,7:10 PM,STV,IDR,"Air India Express, Air India",OM 337,715,3,337000,,Cheapest,
2026-06-13 13:38:11,3,2026-06-16,Tuesday,7:15 AM,7:10 PM,STV,IDR,"Air India Express, Air India",OM 337,715,3,337000,,Best,
2026-06-13 13:38:11,3,2026-06-16,Tuesday,7:15 AM,7:10 PM,STV,IDR,"Air India Express, Air India",OM 337,715,3,337000,,Cheapest,
2026-06-13 13:38:23,7,2026-06-20,Saturday,7:15 AM,7:10 PM,STV,IDR,"Air India Express, Air India",OM 337,715,3,337000,,Best,
2026-06-13 13:38:23,7,2026-06-20,Saturday,7:15 AM,7:10 PM,STV,IDR,"Air India Express, Air India",OM 337,715,3,337000,,Cheapest,
2026-06-13 13:38:35,14,2026-06-27,Saturday,7:15 AM,7:10 PM,STV,IDR,"Air India Express, Air India",OM 337,715,3,337000,,Best,
2026-06-13 13:38:35,14,2026-06-27,Saturday,7:15 AM,7:10 PM,STV,IDR,"Air India Express, Air India",OM 337,715,3,337000,,Cheapest,
2026-06-13 13:38:51,30,2026-07-13,Monday,9:35 PM,7:10 PM,STV,IDR,"Air India Express, Air India",OM 325,1295,3,325000,,Best,
2026-06-13 13:38:51,30,2026-07-13,Monday,9:35 PM,7:10 PM,STV,IDR,"Air India Express, Air India",OM 325,1295,3,325000,,Cheapest,
2026-06-13 13:39:04,60,2026-08-12,Wednesday,7:15 AM,7:10 PM,STV,IDR,"Air India Express, Air India",OM 381,715,3,381000,,Best,
2026-06-13 13:39:04,60,2026-08-12,Wednesday,7:15 AM,7:10 PM,STV,IDR,"Air India Express, Air India",OM 381,715,3,381000,,Cheapest,
2026-06-13 13:39:19,1,2026-06-14,Sunday,8:30 AM,2:30 PM,STV,LKO,IndiGo,EL 123,360,1,123000,Typical,Best,8646
2026-06-13 13:39:19,1,2026-06-14,Sunday,8:30 AM,2:30 PM,STV,LKO,IndiGo,EL 123,360,1,123000,Typical,Cheapest,8646
2026-06-13 13:39:33,3,2026-06-16,Tuesday,10:30 PM,6:40 AM,STV,LKO,IndiGo,EL 135,490,1,135000,Typical,Best,8985
2026-06-13 13:39:33,3,2026-06-16,Tuesday,10:30 PM,6:40 AM,STV,LKO,IndiGo,EL 135,490,1,135000,Typical,Cheapest,8985
2026-06-13 13:39:49,7,2026-06-20,Saturday,10:30 PM,6:40 AM,STV,LKO,IndiGo,EL 135,490,1,135000,Typical,Best,9321
2026-06-13 13:39:49,7,2026-06-20,Saturday,10:30 PM,6:40 AM,STV,LKO,IndiGo,EL 135,490,1,135000,Typical,Cheapest,9321
2026-06-13 13:40:04,14,2026-06-27,Saturday,10:30 PM,6:40 AM,STV,LKO,IndiGo,EL 135,490,1,135000,Typical,Best,9023
2026-06-13 13:40:04,14,2026-06-27,Saturday,10:30 PM,6:40 AM,STV,LKO,IndiGo,EL 135,490,1,135000,Typical,Cheapest,9023
2026-06-13 13:40:22,30,2026-07-13,Monday,5:40 PM,10:40 PM,STV,LKO,IndiGo,EL 125,300,1,125000,Typical,Best,7674
2026-06-13 13:40:22,30,2026-07-13,Monday,8:15 AM,8:05 PM,STV,LKO,IndiGo,YD 162,710,1,162000,Typical,Cheapest,7576
2026-06-13 13:40:38,60,2026-08-12,Wednesday,5:40 PM,10:40 PM,STV,LKO,IndiGo,EL 126,300,1,126000,Typical,Best,7145
2026-06-13 13:40:38,60,2026-08-12,Wednesday,5:40 PM,10:40 PM,STV,LKO,IndiGo,EL 126,300,1,126000,Typical,Cheapest,7145
2026-06-13 13:40:51,1,2026-06-14,Sunday,8:40 PM,4:30 AM,VTZ,BOM,IndiGo,YD 106,470,1,106000,Typical,Best,8129
2026-06-13 13:40:51,1,2026-06-14,Sunday,8:40 PM,4:30 AM,VTZ,BOM,IndiGo,YD 106,470,1,106000,Typical,Cheapest,8129
2026-06-13 13:41:03,3,2026-06-16,Tuesday,10:40 AM,2:25 PM,VTZ,BOM,IndiGo,YD 107,225,1,107000,Typical,Best,7960
2026-06-13 13:41:03,3,2026-06-16,Tuesday,10:40 AM,2:25 PM,VTZ,BOM,IndiGo,YD 107,225,1,107000,Typical,Cheapest,7960
2026-06-13 13:41:19,7,2026-06-20,Saturday,8:40 PM,4:30 AM,VTZ,BOM,IndiGo,YD 106,470,1,106000,High,Best,8349
2026-06-13 13:41:19,7,2026-06-20,Saturday,8:40 PM,4:30 AM,VTZ,BOM,IndiGo,YD 106,470,1,106000,High,Cheapest,8349
2026-06-13 13:41:35,14,2026-06-27,Saturday,8:40 PM,4:30 AM,VTZ,BOM,IndiGo,YD 106,470,1,106000,High,Best,7986
2026-06-13 13:41:35,14,2026-06-27,Saturday,8:40 PM,4:30 AM,VTZ,BOM,IndiGo,YD 106,470,1,106000,High,Cheapest,7986
2026-06-13 13:41:49,30,2026-07-13,Monday,8:40 PM,4:30 AM,VTZ,BOM,IndiGo,YD 122,470,1,122000,Typical,Best,7106
2026-06-13 13:41:49,30,2026-07-13,Monday,8:40 PM,4:30 AM,VTZ,BOM,IndiGo,YD 122,470,1,122000,Typical,Cheapest,7106
2026-06-13 13:42:03,60,2026-08-12,Wednesday,11:00 AM,6:55 PM,VTZ,BOM,IndiGo,GA 114,475,1,114000,High,Best,7065
2026-06-13 13:42:03,60,2026-08-12,Wednesday,11:00 AM,6:55 PM,VTZ,BOM,IndiGo,GA 114,475,1,114000,High,Cheapest,7065
2026-06-13 13:42:18,1,2026-06-14,Sunday,10:45 PM,1:10 AM,VTZ,DEL,IndiGo,,145,0,98000,Typical,Best,8661
2026-06-13 13:42:18,1,2026-06-14,Sunday,10:45 PM,1:10 AM,VTZ,DEL,IndiGo,,145,0,98000,Typical,Cheapest,8661
2026-06-13 13:42:32,3,2026-06-16,Tuesday,10:40 AM,4:55 PM,VTZ,DEL,IndiGo,YD 143,375,1,143000,High,Best,8569
2026-06-13 13:42:32,3,2026-06-16,Tuesday,10:40 AM,4:55 PM,VTZ,DEL,IndiGo,YD 143,375,1,143000,High,Cheapest,8569
2026-06-13 13:42:47,7,2026-06-20,Saturday,10:45 PM,1:10 AM,VTZ,DEL,IndiGo,,145,0,98000,Typical,Best,7959
2026-06-13 13:42:47,7,2026-06-20,Saturday,10:45 PM,1:10 AM,VTZ,DEL,IndiGo,,145,0,98000,Typical,Cheapest,7959
2026-06-13 13:43:00,14,2026-06-27,Saturday,10:45 PM,1:10 AM,VTZ,DEL,IndiGo,,145,0,98000,Typical,Best,7871
2026-06-13 13:43:00,14,2026-06-27,Saturday,10:45 PM,1:10 AM,VTZ,DEL,IndiGo,,145,0,98000,Typical,Cheapest,7871
2026-06-13 13:43:14,30,2026-07-13,Monday,8:20 AM,11:00 AM,VTZ,DEL,IndiGo,,160,0,105000,Typical,Best,7534
2026-06-13 13:43:14,30,2026-07-13,Monday,8:20 AM,11:00 AM,VTZ,DEL,IndiGo,,160,0,105000,Typical,Cheapest,7534
2026-06-13 13:43:28,60,2026-08-12,Wednesday,10:40 AM,3:25 PM,VTZ,DEL,IndiGo,YD 148,285,1,148000,High,Best,7537
2026-06-13 13:43:28,60,2026-08-12,Wednesday,10:40 AM,3:25 PM,VTZ,DEL,IndiGo,YD 148,285,1,148000,High,Cheapest,7537
2026-06-13 13:43:39,1,2026-06-14,Sunday,9:10 PM,11:00 PM,VTZ,BLR,IndiGo,,110,0,68000,Typical,Best,7691
2026-06-13 13:43:39,1,2026-06-14,Sunday,11:00 AM,7:40 PM,VTZ,BLR,IndiGo,GA 87,520,1,87000,Typical,Cheapest,7264
2026-06-13 13:43:55,3,2026-06-16,Tuesday,10:10 PM,11:50 PM,VTZ,BLR,Air India ExpressAir India,,100,0,78000,Typical,Best,6334
2026-06-13 13:43:55,3,2026-06-16,Tuesday,9:10 PM,11:00 PM,VTZ,BLR,IndiGo,,110,0,68000,Typical,Cheapest,5759
2026-06-13 13:44:09,7,2026-06-20,Saturday,1:40 PM,5:00 PM,VTZ,BLR,IndiGo,JB 90,200,1,90000,Typical,Best,5601
2026-06-13 13:44:09,7,2026-06-20,Saturday,1:40 PM,5:00 PM,VTZ,BLR,IndiGo,JB 90,200,1,90000,Typical,Cheapest,5601
2026-06-13 13:44:20,14,2026-06-27,Saturday,9:10 PM,11:00 PM,VTZ,BLR,IndiGo,,110,0,68000,Typical,Best,5302
2026-06-13 13:44:20,14,2026-06-27,Saturday,1:40 PM,5:00 PM,VTZ,BLR,IndiGo,JB 90,200,1,90000,Typical,Cheapest,5295
2026-06-13 13:44:34,30,2026-07-13,Monday,2:55 PM,4:40 PM,VTZ,BLR,IndiGo,,105,0,65000,Typical,Best,5091
2026-06-13 13:44:34,30,2026-07-13,Monday,9:10 PM,11:00 PM,VTZ,BLR,IndiGo,,110,0,69000,Typical,Cheapest,5039
2026-06-13 13:44:47,60,2026-08-12,Wednesday,2:55 PM,4:40 PM,VTZ,BLR,IndiGo,,105,0,66000,Typical,Best,5091
2026-06-13 13:44:47,60,2026-08-12,Wednesday,9:10 PM,11:00 PM,VTZ,BLR,IndiGo,,110,0,70000,Typical,Cheapest,5039
2026-06-13 13:45:04,1,2026-06-14,Sunday,8:40 PM,9:50 PM,VTZ,HYD,IndiGoMalaysia Airlines,,70,0,48000,Typical,Best,4544
2026-06-13 13:45:04,1,2026-06-14,Sunday,8:40 PM,9:50 PM,VTZ,HYD,IndiGoMalaysia Airlines,,70,0,48000,Typical,Cheapest,4544
2026-06-13 13:45:16,3,2026-06-16,Tuesday,8:55 AM,10:10 AM,VTZ,HYD,IndiGo,,75,0,48000,Typical,Best,4544
2026-06-13 13:45:16,3,2026-06-16,Tuesday,8:55 AM,10:10 AM,VTZ,HYD,IndiGo,,75,0,48000,Typical,Cheapest,4544
2026-06-13 13:45:35,7,2026-06-20,Saturday,8:55 AM,10:10 AM,VTZ,HYD,IndiGo,,75,0,48000,Typical,Best,4544
2026-06-13 13:45:35,7,2026-06-20,Saturday,8:55 AM,10:10 AM,VTZ,HYD,IndiGo,,75,0,48000,Typical,Cheapest,4544
2026-06-13 13:45:49,14,2026-06-27,Saturday,8:55 AM,10:10 AM,VTZ,HYD,IndiGo,,75,0,48000,Typical,Best,4323
2026-06-13 13:45:49,14,2026-06-27,Saturday,8:55 AM,10:10 AM,VTZ,HYD,IndiGo,,75,0,48000,Typical,Cheapest,4323
2026-06-13 13:46:06,30,2026-07-13,Monday,8:55 AM,10:10 AM,VTZ,HYD,IndiGo,,75,0,49000,Typical,Best,4066
2026-06-13 13:46:06,30,2026-07-13,Monday,8:55 AM,10:10 AM,VTZ,HYD,IndiGo,,75,0,49000,Typical,Cheapest,4066
2026-06-13 13:46:22,60,2026-08-12,Wednesday,8:55 AM,10:10 AM,VTZ,HYD,IndiGo,,75,0,50000,Low,Best,4066
2026-06-13 13:46:22,60,2026-08-12,Wednesday,8:55 AM,10:10 AM,VTZ,HYD,IndiGo,,75,0,50000,Low,Cheapest,4066
2026-06-13 13:46:38,1,2026-06-14,Sunday,6:35 PM,7:55 PM,VTZ,MAA,IndiGo,,80,0,55000,High,Best,7385
2026-06-13 13:46:38,1,2026-06-14,Sunday,6:35 PM,7:55 PM,VTZ,MAA,IndiGo,,80,0,55000,High,Cheapest,7385
2026-06-13 13:46:52,3,2026-06-16,Tuesday,8:55 AM,7:10 PM,VTZ,MAA,IndiGo,YD 98,615,1,98000,High,Best,6374
2026-06-13 13:46:52,3,2026-06-16,Tuesday,8:55 AM,7:10 PM,VTZ,MAA,IndiGo,YD 98,615,1,98000,High,Cheapest,6374
2026-06-13 13:47:05,7,2026-06-20,Saturday,6:35 PM,7:55 PM,VTZ,MAA,IndiGoMalaysia Airlines,,80,0,55000,High,Best,6692
2026-06-13 13:47:05,7,2026-06-20,Saturday,6:35 PM,7:55 PM,VTZ,MAA,IndiGoMalaysia Airlines,,80,0,55000,High,Cheapest,6692
2026-06-13 13:47:23,14,2026-06-27,Saturday,6:35 PM,7:55 PM,VTZ,MAA,IndiGoMalaysia Airlines,,80,0,55000,High,Best,6268
2026-06-13 13:47:23,14,2026-06-27,Saturday,6:35 PM,7:55 PM,VTZ,MAA,IndiGoMalaysia Airlines,,80,0,55000,High,Cheapest,6268
2026-06-13 13:47:40,30,2026-07-13,Monday,12:15 PM,1:35 PM,VTZ,MAA,IndiGo,,80,0,0,High,Best,5297
2026-06-13 13:47:40,30,2026-07-13,Monday,12:15 PM,1:35 PM,VTZ,MAA,IndiGo,,80,0,0,High,Cheapest,5297
2026-06-13 13:47:52,60,2026-08-12,Wednesday,6:35 PM,7:55 PM,VTZ,MAA,IndiGo,,80,0,56000,High,Best,5191
2026-06-13 13:47:52,60,2026-08-12,Wednesday,11:00 AM,8:00 PM,VTZ,MAA,IndiGo,GA 80,540,1,80000,High,Cheapest,4979
2026-06-13 13:48:02,1,2026-06-14,Sunday,7:50 PM,9:30 PM,VTZ,CCU,IndiGo,,100,0,68000,Typical,Best,8409
2026-06-13 13:48:02,1,2026-06-14,Sunday,7:50 PM,9:30 PM,VTZ,CCU,IndiGo,,100,0,68000,Typical,Cheapest,8409
2026-06-13 13:48:19,3,2026-06-16,Tuesday,8:00 AM,4:55 PM,VTZ,CCU,"Air India Express, Air India",OM 292,535,2,292000,,Best,
2026-06-13 13:48:19,3,2026-06-16,Tuesday,8:00 AM,4:55 PM,VTZ,CCU,"Air India Express, Air India",OM 292,535,2,292000,,Cheapest,
2026-06-13 13:48:31,7,2026-06-20,Saturday,8:00 AM,4:55 PM,VTZ,CCU,"Air India Express, Air India",OM 292,535,2,292000,,Best,
2026-06-13 13:48:31,7,2026-06-20,Saturday,8:00 AM,4:55 PM,VTZ,CCU,"Air India Express, Air India",OM 292,535,2,292000,,Cheapest,
2026-06-13 13:48:45,14,2026-06-27,Saturday,8:00 AM,4:55 PM,VTZ,CCU,"Air India Express, Air India",OM 292,535,2,292000,,Best,
2026-06-13 13:48:45,14,2026-06-27,Saturday,8:00 AM,4:55 PM,VTZ,CCU,"Air India Express, Air India",OM 292,535,2,292000,,Cheapest,
2026-06-13 13:48:59,30,2026-07-13,Monday,7:50 PM,9:30 PM,VTZ,CCU,IndiGo,,100,0,69000,High,Best,6089
2026-06-13 13:48:59,30,2026-07-13,Monday,7:50 PM,9:30 PM,VTZ,CCU,IndiGo,,100,0,69000,High,Cheapest,6089
2026-06-13 13:49:10,60,2026-08-12,Wednesday,7:50 PM,9:30 PM,VTZ,CCU,IndiGo,,100,0,70000,High,Best,5910
2026-06-13 13:49:10,60,2026-08-12,Wednesday,7:50 PM,9:30 PM,VTZ,CCU,IndiGo,,100,0,70000,High,Cheapest,5910
2026-06-13 13:49:26,1,2026-06-14,Sunday,9:20 PM,5:45 AM,VTZ,PNQ,IndiGo,YD 100,505,1,100000,High,Best,8493
2026-06-13 13:49:26,1,2026-06-14,Sunday,9:20 PM,5:45 AM,VTZ,PNQ,IndiGo,YD 100,505,1,100000,High,Cheapest,8493
2026-06-13 13:49:43,3,2026-06-16,Tuesday,1:40 PM,8:15 PM,VTZ,PNQ,IndiGo,LR 149,395,2,149000,High,Best,8424
2026-06-13 13:49:43,3,2026-06-16,Tuesday,1:40 PM,12:45 AM,VTZ,PNQ,IndiGo,LR 149,665,2,149000,High,Cheapest,8168
2026-06-13 13:49:57,7,2026-06-20,Saturday,8:40 PM,2:20 AM,VTZ,PNQ,IndiGo,YD 96,340,1,96000,High,Best,8219
2026-06-13 13:49:57,7,2026-06-20,Saturday,8:40 PM,2:20 AM,VTZ,PNQ,IndiGo,YD 96,340,1,96000,High,Cheapest,8219
2026-06-13 13:50:10,14,2026-06-27,Saturday,8:40 PM,2:20 AM,VTZ,PNQ,IndiGo,YD 96,340,1,96000,High,Best,8171
2026-06-13 13:50:10,14,2026-06-27,Saturday,8:40 PM,2:20 AM,VTZ,PNQ,IndiGo,YD 96,340,1,96000,High,Cheapest,8171
2026-06-13 13:50:22,30,2026-07-13,Monday,8:55 AM,1:55 PM,VTZ,PNQ,IndiGo,YD 101,300,1,101000,Typical,Best,7310
2026-06-13 13:50:22,30,2026-07-13,Monday,8:55 AM,1:55 PM,VTZ,PNQ,IndiGo,YD 101,300,1,101000,Typical,Cheapest,7310
2026-06-13 13:50:32,60,2026-08-12,Wednesday,8:55 AM,1:55 PM,VTZ,PNQ,IndiGo,YD 103,300,1,103000,High,Best,7209
2026-06-13 13:50:32,60,2026-08-12,Wednesday,8:55 AM,1:55 PM,VTZ,PNQ,IndiGo,YD 103,300,1,103000,High,Cheapest,7209
2026-06-13 13:50:44,1,2026-06-14,Sunday,9:20 PM,8:10 AM,VTZ,AMD,IndiGo,YD 129,650,1,129000,Typical,Best,10002
2026-06-13 13:50:44,1,2026-06-14,Sunday,9:20 PM,8:10 AM,VTZ,AMD,IndiGo,YD 129,650,1,129000,Typical,Cheapest,10002
2026-06-13 13:51:01,3,2026-06-16,Tuesday,1:00 PM,8:05 PM,VTZ,AMD,IndiGo,YD 125,425,1,125000,High,Best,9934
2026-06-13 13:51:01,3,2026-06-16,Tuesday,1:00 PM,8:05 PM,VTZ,AMD,IndiGo,YD 125,425,1,125000,High,Cheapest,9934
2026-06-13 13:51:17,7,2026-06-20,Saturday,8:55 AM,2:20 PM,VTZ,AMD,IndiGo,YD 125,325,1,125000,High,Best,10048
2026-06-13 13:51:17,7,2026-06-20,Saturday,1:00 PM,8:05 PM,VTZ,AMD,IndiGo,YD 129,425,1,129000,High,Cheapest,9953
2026-06-13 13:51:30,14,2026-06-27,Saturday,1:00 PM,8:05 PM,VTZ,AMD,IndiGo,YD 129,425,1,129000,Typical,Best,9617
2026-06-13 13:51:30,14,2026-06-27,Saturday,1:00 PM,8:05 PM,VTZ,AMD,IndiGo,YD 129,425,1,129000,Typical,Cheapest,9617
2026-06-13 13:51:47,30,2026-07-13,Monday,8:55 AM,2:20 PM,VTZ,AMD,IndiGo,YD 127,325,1,127000,High,Best,8992
2026-06-13 13:51:47,30,2026-07-13,Monday,8:55 AM,2:20 PM,VTZ,AMD,IndiGo,YD 127,325,1,127000,High,Cheapest,8992
2026-06-13 13:52:01,60,2026-08-12,Wednesday,7:20 PM,11:00 PM,VTZ,AMD,IndiGo,YD 133,220,1,133000,High,Best,8812
2026-06-13 13:52:01,60,2026-08-12,Wednesday,1:00 PM,8:05 PM,VTZ,AMD,IndiGo,YD 128,425,1,128000,High,Cheapest,8506
2026-06-13 13:52:52,3,2026-06-16,Tuesday,4:45 PM,11:25 PM,VTZ,STV,"Air India, Air India Express",EL 217,400,1,217000,,Best,
2026-06-13 13:52:52,3,2026-06-16,Tuesday,4:45 PM,11:25 PM,VTZ,STV,"Air India, Air India Express",EL 217,400,1,217000,,Cheapest,
2026-06-13 13:53:04,7,2026-06-20,Saturday,4:45 PM,11:25 PM,VTZ,STV,"Air India, Air India Express",EL 217,400,1,217000,,Best,
2026-06-13 13:53:04,7,2026-06-20,Saturday,4:45 PM,11:25 PM,VTZ,STV,"Air India, Air India Express",EL 217,400,1,217000,,Cheapest,
2026-06-13 13:55:20,1,2026-06-14,Sunday,9:30 PM,8:15 AM,VTZ,JAI,Air India,EL 166,645,1,166000,,Best,
2026-06-13 13:55:20,1,2026-06-14,Sunday,9:30 PM,8:15 AM,VTZ,JAI,Air India,EL 166,645,1,166000,,Cheapest,
2026-06-13 13:55:30,3,2026-06-16,Tuesday,9:30 PM,8:15 AM,VTZ,JAI,Air India,EL 166,645,1,166000,,Best,
2026-06-13 13:55:30,3,2026-06-16,Tuesday,9:30 PM,8:15 AM,VTZ,JAI,Air India,EL 166,645,1,166000,,Cheapest,
2026-06-13 13:55:48,7,2026-06-20,Saturday,9:30 PM,8:15 AM,VTZ,JAI,Air India,EL 166,645,1,166000,,Best,
2026-06-13 13:55:48,7,2026-06-20,Saturday,9:30 PM,8:15 AM,VTZ,JAI,Air India,EL 166,645,1,166000,,Cheapest,
2026-06-13 13:56:00,14,2026-06-27,Saturday,9:30 PM,8:15 AM,VTZ,JAI,Air India,EL 166,645,1,166000,,Best,
2026-06-13 13:56:00,14,2026-06-27,Saturday,9:30 PM,8:15 AM,VTZ,JAI,Air India,EL 166,645,1,166000,,Cheapest,
2026-06-13 13:56:10,30,2026-07-13,Monday,9:30 PM,8:15 AM,VTZ,JAI,Air India,EL 156,645,1,156000,,Best,
2026-06-13 13:56:10,30,2026-07-13,Monday,9:30 PM,8:15 AM,VTZ,JAI,Air India,EL 156,645,1,156000,,Cheapest,
2026-06-13 13:56:28,60,2026-08-12,Wednesday,8:00 AM,4:35 PM,VTZ,JAI,"Air India Express, Air India",EL 262,515,2,262000,,Best,
2026-06-13 13:56:28,60,2026-08-12,Wednesday,8:00 AM,4:35 PM,VTZ,JAI,"Air India Express, Air India",EL 262,515,2,262000,,Cheapest,
2026-06-13 13:56:42,1,2026-06-14,Sunday,6:35 PM,10:55 PM,VTZ,COK,IndiGo,AA 108,260,1,108000,High,Best,9965
2026-06-13 13:56:42,1,2026-06-14,Sunday,6:35 PM,10:55 PM,VTZ,COK,IndiGo,AA 108,260,1,108000,High,Cheapest,9965
2026-06-13 13:56:58,3,2026-06-16,Tuesday,6:35 PM,10:55 PM,VTZ,COK,IndiGo,AA 108,260,1,108000,High,Best,9286
2026-06-13 13:56:58,3,2026-06-16,Tuesday,6:35 PM,10:55 PM,VTZ,COK,IndiGo,AA 108,260,1,108000,High,Cheapest,9286
2026-06-13 13:57:14,7,2026-06-20,Saturday,10:40 AM,3:35 PM,VTZ,COK,IndiGo,YD 119,295,1,119000,High,Best,9060
2026-06-13 13:57:14,7,2026-06-20,Saturday,1:40 PM,8:25 PM,VTZ,COK,IndiGo,LR 135,405,2,135000,High,Cheapest,8327
2026-06-13 13:57:28,14,2026-06-27,Saturday,1:40 PM,7:05 PM,VTZ,COK,IndiGo,LR 130,325,2,130000,Typical,Best,8142
2026-06-13 13:57:28,14,2026-06-27,Saturday,1:40 PM,8:25 PM,VTZ,COK,IndiGo,LR 135,405,2,135000,Typical,Cheapest,8021
2026-06-13 13:57:41,30,2026-07-13,Monday,2:55 PM,7:05 PM,VTZ,COK,IndiGo,LR 106,250,1,106000,High,Best,7746
2026-06-13 13:57:41,30,2026-07-13,Monday,2:55 PM,7:05 PM,VTZ,COK,IndiGo,LR 106,250,1,106000,High,Cheapest,7746
2026-06-13 13:57:52,60,2026-08-12,Wednesday,2:55 PM,7:05 PM,VTZ,COK,IndiGo,LR 107,250,1,107000,High,Best,7367
2026-06-13 13:57:52,60,2026-08-12,Wednesday,2:55 PM,7:05 PM,VTZ,COK,IndiGo,LR 107,250,1,107000,High,Cheapest,7367
2026-06-13 13:58:03,1,2026-06-14,Sunday,8:50 AM,5:15 PM,VTZ,IXC,"Air India Express, Air India",OM 246,505,2,246000,,Best,
2026-06-13 13:58:03,1,2026-06-14,Sunday,8:50 AM,5:15 PM,VTZ,IXC,"Air India Express, Air India",OM 246,505,2,246000,,Cheapest,
2026-06-13 13:58:15,3,2026-06-16,Tuesday,8:50 AM,5:15 PM,VTZ,IXC,"Air India Express, Air India",OM 246,505,2,246000,,Best,
2026-06-13 13:58:15,3,2026-06-16,Tuesday,8:50 AM,5:15 PM,VTZ,IXC,"Air India Express, Air India",OM 246,505,2,246000,,Cheapest,
2026-06-13 13:58:26,7,2026-06-20,Saturday,8:50 AM,5:15 PM,VTZ,IXC,"Air India Express, Air India",OM 246,505,2,246000,,Best,
2026-06-13 13:58:26,7,2026-06-20,Saturday,8:50 AM,5:15 PM,VTZ,IXC,"Air India Express, Air India",OM 246,505,2,246000,,Cheapest,
2026-06-13 13:58:41,14,2026-06-27,Saturday,8:50 AM,5:15 PM,VTZ,IXC,"Air India Express, Air India",OM 246,505,2,246000,,Best,
2026-06-13 13:58:41,14,2026-06-27,Saturday,8:50 AM,5:15 PM,VTZ,IXC,"Air India Express, Air India",OM 246,505,2,246000,,Cheapest,
2026-06-13 13:58:53,30,2026-07-13,Monday,8:50 AM,5:15 PM,VTZ,IXC,"Air India Express, Air India",OM 248,505,2,248000,,Best,
2026-06-13 13:58:53,30,2026-07-13,Monday,8:50 AM,5:15 PM,VTZ,IXC,"Air India Express, Air India",OM 248,505,2,248000,,Cheapest,
2026-06-13 13:59:10,60,2026-08-12,Wednesday,8:50 AM,5:15 PM,VTZ,IXC,"Air India Express, Air India",OM 252,505,2,252000,,Best,
2026-06-13 13:59:10,60,2026-08-12,Wednesday,8:50 AM,5:15 PM,VTZ,IXC,"Air India Express, Air India",OM 252,505,2,252000,,Cheapest,
2026-06-13 13:59:24,1,2026-06-14,Sunday,8:50 AM,7:10 PM,VTZ,IDR,"Air India Express, Air India",OM 188,620,2,188000,,Best,
2026-06-13 13:59:24,1,2026-06-14,Sunday,8:50 AM,7:10 PM,VTZ,IDR,"Air India Express, Air India",OM 188,620,2,188000,,Cheapest,
2026-06-13 13:59:41,3,2026-06-16,Tuesday,8:50 AM,7:10 PM,VTZ,IDR,"Air India Express, Air India",OM 188,620,2,188000,,Best,
2026-06-13 13:59:41,3,2026-06-16,Tuesday,8:50 AM,7:10 PM,VTZ,IDR,"Air India Express, Air India",OM 188,620,2,188000,,Cheapest,
2026-06-13 13:59:55,7,2026-06-20,Saturday,8:50 AM,7:10 PM,VTZ,IDR,"Air India Express, Air India",OM 188,620,2,188000,,Best,
2026-06-13 13:59:55,7,2026-06-20,Saturday,8:50 AM,7:10 PM,VTZ,IDR,"Air India Express, Air India",OM 188,620,2,188000,,Cheapest,
2026-06-13 14:00:08,14,2026-06-27,Saturday,8:50 AM,7:10 PM,VTZ,IDR,"Air India Express, Air India",OM 188,620,2,188000,,Best,
2026-06-13 14:00:08,14,2026-06-27,Saturday,8:50 AM,7:10 PM,VTZ,IDR,"Air India Express, Air India",OM 188,620,2,188000,,Cheapest,
2026-06-13 14:00:21,30,2026-07-13,Monday,8:50 AM,7:10 PM,VTZ,IDR,"Air India Express, Air India",OM 194,620,2,194000,,Best,
2026-06-13 14:00:21,30,2026-07-13,Monday,8:50 AM,7:10 PM,VTZ,IDR,"Air India Express, Air India",OM 194,620,2,194000,,Cheapest,
2026-06-13 14:00:39,60,2026-08-12,Wednesday,8:50 AM,7:10 PM,VTZ,IDR,"Air India Express, Air India",OM 193,620,2,193000,,Best,
2026-06-13 14:00:39,60,2026-08-12,Wednesday,8:50 AM,7:10 PM,VTZ,IDR,"Air India Express, Air India",OM 193,620,2,193000,,Cheapest,
2026-06-13 14:00:52,1,2026-06-14,Sunday,8:50 AM,9:40 PM,VTZ,LKO,"Air India Express, Air India",EL 222,770,2,222000,,Best,
2026-06-13 14:00:52,1,2026-06-14,Sunday,8:50 AM,9:40 PM,VTZ,LKO,"Air India Express, Air India",EL 222,770,2,222000,,Cheapest,
2026-06-13 14:01:05,3,2026-06-16,Tuesday,8:50 AM,9:40 PM,VTZ,LKO,"Air India Express, Air India",EL 222,770,2,222000,,Best,
2026-06-13 14:01:05,3,2026-06-16,Tuesday,8:50 AM,9:40 PM,VTZ,LKO,"Air India Express, Air India",EL 222,770,2,222000,,Cheapest,
2026-06-13 14:01:18,7,2026-06-20,Saturday,8:50 AM,9:40 PM,VTZ,LKO,"Air India Express, Air India",EL 222,770,2,222000,,Best,
2026-06-13 14:01:18,7,2026-06-20,Saturday,8:50 AM,9:40 PM,VTZ,LKO,"Air India Express, Air India",EL 222,770,2,222000,,Cheapest,
2026-06-13 14:01:36,14,2026-06-27,Saturday,8:50 AM,9:40 PM,VTZ,LKO,"Air India Express, Air India",EL 222,770,2,222000,,Best,
2026-06-13 14:01:36,14,2026-06-27,Saturday,8:50 AM,9:40 PM,VTZ,LKO,"Air India Express, Air India",EL 222,770,2,222000,,Cheapest,
2026-06-13 14:01:52,30,2026-07-13,Monday,8:50 AM,9:40 PM,VTZ,LKO,"Air India Express, Air India",EL 228,770,2,228000,,Best,
2026-06-13 14:01:52,30,2026-07-13,Monday,8:50 AM,9:40 PM,VTZ,LKO,"Air India Express, Air India",EL 228,770,2,228000,,Cheapest,
2026-06-13 14:02:07,60,2026-08-12,Wednesday,8:50 AM,7:45 PM,VTZ,LKO,"Air India Express, Air India",EL 231,655,2,231000,,Best,
2026-06-13 14:02:07,60,2026-08-12,Wednesday,8:50 AM,7:45 PM,VTZ,LKO,"Air India Express, Air India",EL 231,655,2,231000,,Cheapest,
2026-06-14 06:16:47,1,2026-06-15,Monday,4:50 PM,9:20 PM,JAI,BOM,IndiGo,DR 97,270,1,97000,High,Best,9798
2026-06-14 06:16:47,1,2026-06-15,Monday,4:50 PM,9:20 PM,JAI,BOM,IndiGo,DR 97,270,1,97000,High,Cheapest,9798
